Make,Model,Year,Mileage,ImportHistory,FuelEconomy
mitsubishi,outlander,2023,N/A,N/A,N/A
volvo,xc90,2022,400km,N/A,"1969cc, Hybrid, Automatic"
volvo,xc60,2022,"4,000km",N/A,Automatic
volvo,xc60,2022,"3,500km",N/A,"1998cc, Automatic"
volkswagen,multivan,2022,N/A,New Zealand New,N/A
volkswagen,multivan,2022,N/A,New Zealand New,N/A
volkswagen,multivan,2022,"3,500km",New Zealand New,"1395cc, Automatic"
volkswagen,multivan,2022,39km,N/A,"1400cc, Automatic"
volkswagen,multivan,2022,50km,New Zealand New,"1395cc, Plug-in hybrid, Automatic"
volkswagen,multivan,2022,N/A,New Zealand New,N/A
volkswagen,multivan,2022,N/A,New Zealand New,N/A
volkswagen,multivan,2022,50km,New Zealand New,"1395cc, Plug-in hybrid, Automatic"
volkswagen,multivan,2022,50km,New Zealand New,"1395cc, Hybrid, Tiptronic"
volkswagen,multivan,2022,"3,500km",New Zealand New,"1395cc, Plug-In Hybrid, Automatic"
volkswagen,multivan,2022,100km,New Zealand New,"1395cc, Plug-in hybrid, Automatic"
volkswagen,multivan,2022,100km,New Zealand New,"1395cc, Plug-in hybrid, Automatic"
volkswagen,multivan,2022,N/A,New Zealand New,N/A
volkswagen,multivan,2022,N/A,New Zealand New,N/A
tesla,model-y,2022,N/A,New Zealand New,N/A
skoda,superb,2022,500km,N/A,"Petrol, Automatic"
skoda,superb,2022,"1,000km",N/A,"Plug-In Hybrid, Automatic"
skoda,octavia,2022,"3,000km",New Zealand New,"1395cc, Plug-In Hybrid, Automatic"
renault,master,2022,100km,N/A,"2299cc, Diesel, Automatic"
renault,master,2022,100km,N/A,"2299cc, Diesel, Automatic"
renault,koleos,2022,50km,New Zealand New,"2488cc, Petrol, Automatic"
renault,kadjar,2022,50km,N/A,"1332cc, Petrol, Automatic"
renault,arkana,2022,100km,N/A,"1333cc, Petrol, Automatic"
peugeot,3008,2022,11km,N/A,"1598cc, Plug-In Hybrid, Automatic"
peugeot,3008,2022,"1,500km",N/A,"1598cc, Plug-In Hybrid, Automatic"
peugeot,3008,2022,"5,500km",N/A,"1598cc, Plug-In Hybrid, Automatic"
mitsubishi,triton,2022,20km,N/A,"2442cc, Diesel, Automatic"
mitsubishi,triton,2022,20km,N/A,"2442cc, Diesel, Automatic"
mitsubishi,triton,2022,20km,N/A,"2442cc, Diesel, Automatic"
mitsubishi,triton,2022,20km,N/A,"2442cc, Diesel, Automatic"
mitsubishi,triton,2022,20km,N/A,"2442cc, Diesel, Automatic"
mitsubishi,triton,2022,N/A,N/A,N/A
mitsubishi,triton,2022,20km,N/A,"2442cc, Diesel, Automatic"
mitsubishi,triton,2022,20km,N/A,"2442cc, Diesel, Automatic"
mitsubishi,triton,2022,N/A,N/A,N/A
mitsubishi,triton,2022,20km,N/A,"2442cc, Diesel, Automatic"
mitsubishi,triton,2022,20km,N/A,"2442cc, Diesel, Automatic"
mitsubishi,triton,2022,15km,N/A,"2442cc, Diesel, Automatic"
mitsubishi,triton,2022,10km,N/A,"2400cc, Diesel, Automatic"
mitsubishi,triton,2022,"2,200km",N/A,"2442cc, Diesel, Automatic"
mitsubishi,triton,2022,"1,900km",N/A,"2442cc, Diesel, Automatic"
mitsubishi,triton,2022,15km,N/A,"2442cc, Diesel, Automatic"
mitsubishi,pajero,2022,"8,700km",N/A,"2442cc, Diesel, Automatic"
mitsubishi,pajero,2022,"4,500km",New Zealand New,"2442cc, Diesel, Automatic"
mitsubishi,pajero,2022,10km,N/A,"2442cc, Diesel, Automatic"
mitsubishi,pajero,2022,15km,New Zealand New,"2442cc, Diesel, Automatic"
mitsubishi,outlander,2022,10km,N/A,"2360cc, Hybrid, Automatic"
mitsubishi,outlander,2022,10km,N/A,"2360cc, Plug-in hybrid, Automatic"
mitsubishi,outlander,2022,N/A,New Zealand New,N/A
mitsubishi,outlander,2022,15km,N/A,"2360cc, Plug-In Hybrid, Automatic"
mitsubishi,outlander,2022,733km,New Zealand New,"2360cc, Plug-in hybrid, Automatic"
mitsubishi,outlander,2022,N/A,New Zealand New,N/A
mitsubishi,outlander,2022,N/A,N/A,N/A
mitsubishi,outlander,2022,N/A,N/A,N/A
mitsubishi,outlander,2022,N/A,N/A,N/A
mitsubishi,outlander,2022,N/A,N/A,N/A
mitsubishi,outlander,2022,N/A,New Zealand New,N/A
mitsubishi,outlander,2022,N/A,N/A,N/A
mitsubishi,outlander,2022,20km,N/A,"2488cc, Petrol, Automatic"
mitsubishi,outlander,2022,N/A,N/A,N/A
mitsubishi,outlander,2022,20km,N/A,"2360cc, Petrol, Automatic"
mitsubishi,outlander,2022,20km,N/A,"2360cc, Petrol, Automatic"
mitsubishi,outlander,2022,20km,N/A,"2360cc, Petrol, Automatic"
mitsubishi,outlander,2022,20km,N/A,"2360cc, Petrol, Automatic"
mitsubishi,outlander,2022,20km,N/A,"2488cc, Petrol, Automatic"
mitsubishi,outlander,2022,20km,N/A,"2488cc, Petrol, Automatic"
mitsubishi,outlander,2022,20km,N/A,"2488cc, Petrol, Automatic"
mitsubishi,outlander,2022,21km,N/A,"2360cc, Petrol, Automatic"
mitsubishi,outlander,2022,N/A,New Zealand New,N/A
mitsubishi,outlander,2022,N/A,New Zealand New,N/A
mitsubishi,outlander,2022,50km,New Zealand New,"2360cc, Plug-in hybrid, Automatic"
mitsubishi,outlander,2022,N/A,New Zealand New,N/A
mitsubishi,outlander,2022,20km,New Zealand New,"2360cc, Plug-in hybrid, Automatic"
mitsubishi,outlander,2022,20km,New Zealand New,"2360cc, Plug-in hybrid, Automatic"
mitsubishi,outlander,2022,20km,New Zealand New,"2360cc, Plug-in hybrid, Automatic"
mitsubishi,outlander,2022,N/A,New Zealand New,N/A
mitsubishi,outlander,2022,"5,000km",New Zealand New,"2360cc, Plug-in hybrid, Automatic"
mitsubishi,outlander,2022,15km,New Zealand New,"2360cc, Plug-in hybrid, Automatic"
mitsubishi,outlander,2022,30km,New Zealand New,"2360cc, Plug-in hybrid, Automatic"
mitsubishi,outlander,2022,"1,200km",New Zealand New,"2360cc, Hybrid, Automatic"
mitsubishi,outlander,2022,"2,000km",N/A,"2360cc, Diesel, Automatic"
mitsubishi,outlander,2022,50km,New Zealand New,"2360cc, Plug-in hybrid, Automatic"
mitsubishi,outlander,2022,N/A,New Zealand New,N/A
mitsubishi,outlander,2022,15km,New Zealand New,"2360cc, Plug-in hybrid, Automatic"
mitsubishi,outlander,2022,20km,New Zealand New,"2360cc, Plug-in hybrid, Automatic"
mitsubishi,outlander,2022,"3,723km",New Zealand New,"2360cc, Hybrid, Automatic"
mitsubishi,outlander,2022,"4,000km",New Zealand New,"2360cc, Petrol, Automatic"
mitsubishi,outlander,2022,15km,N/A,"2488cc, Petrol, Automatic"
mitsubishi,outlander,2022,15km,N/A,"2488cc, Petrol, Automatic"
mitsubishi,outlander,2022,15km,N/A,"2360cc, Petrol, Automatic"
mitsubishi,outlander,2022,21km,N/A,"2488cc, Petrol, Automatic"
mitsubishi,outlander,2022,10km,N/A,"2360cc, Petrol, Automatic"
mitsubishi,outlander,2022,"5,500km",N/A,"2400cc, Petrol"
mitsubishi,outlander,2022,"2,500km",N/A,"2400cc, Petrol"
mitsubishi,outlander,2022,"2,500km",N/A,"2400cc, Petrol"
mitsubishi,outlander,2022,N/A,New Zealand New,N/A
mitsubishi,outlander,2022,50km,New Zealand New,"2360cc, Hybrid, Automatic"
mitsubishi,outlander,2022,20km,New Zealand New,"2360cc, Plug-In Hybrid, Automatic"
mitsubishi,outlander,2022,N/A,New Zealand New,N/A
mitsubishi,outlander,2022,N/A,New Zealand New,N/A
mitsubishi,outlander,2022,N/A,N/A,N/A
mitsubishi,outlander,2022,N/A,New Zealand New,N/A
mitsubishi,outlander,2022,N/A,New Zealand New,N/A
mitsubishi,outlander,2022,N/A,New Zealand New,N/A
mitsubishi,outlander,2022,10km,N/A,"2398cc, Automatic"
mitsubishi,outlander,2022,10km,N/A,"2398cc, Automatic"
mitsubishi,outlander,2022,10km,N/A,"2360cc, Automatic"
mitsubishi,outlander,2022,N/A,New Zealand New,N/A
mitsubishi,outlander,2022,N/A,New Zealand New,N/A
mitsubishi,outlander,2022,N/A,New Zealand New,N/A
mitsubishi,outlander,2022,N/A,New Zealand New,N/A
mitsubishi,outlander,2022,N/A,New Zealand New,N/A
mitsubishi,outlander,2022,N/A,New Zealand New,N/A
mitsubishi,outlander,2022,N/A,New Zealand New,N/A
mitsubishi,outlander,2022,N/A,New Zealand New,N/A
mitsubishi,outlander,2022,50km,New Zealand New,"2360cc, Hybrid, Automatic"
mitsubishi,outlander,2022,50km,New Zealand New,"2360cc, Hybrid, Automatic"
mitsubishi,outlander,2022,50km,New Zealand New,"2360cc, Petrol, Automatic"
mitsubishi,outlander,2022,50km,N/A,"2360cc, Petrol, Automatic"
mitsubishi,outlander,2022,50km,New Zealand New,"2360cc, Petrol, Automatic"
mitsubishi,outlander,2022,"4,333km",N/A,"2360cc, Petrol, Automatic"
mitsubishi,outlander,2022,"4,550km",New Zealand New,"2360cc, Petrol, Automatic"
mitsubishi,outlander,2022,50km,New Zealand New,"2360cc, Hybrid, Automatic"
mitsubishi,outlander,2022,50km,N/A,Automatic
mitsubishi,outlander,2022,10km,N/A,"2498cc, Automatic"
mitsubishi,outlander,2022,50km,New Zealand New,"2399cc, Hybrid, Automatic"
mitsubishi,outlander,2022,50km,New Zealand New,"Hybrid, Automatic"
mitsubishi,outlander,2022,10km,N/A,"2360cc, Plug-In Hybrid, Automatic"
mitsubishi,outlander,2022,200km,New Zealand New,"2360cc, Plug-in hybrid, Automatic"
mitsubishi,outlander,2022,100km,New Zealand New,"2360cc, Plug-in hybrid, Automatic"
mitsubishi,outlander,2022,"6,500km",New Zealand New,"2360cc, Plug-in hybrid, Automatic"
mitsubishi,outlander,2022,N/A,N/A,N/A
mitsubishi,outlander,2022,N/A,N/A,N/A
mitsubishi,outlander,2022,N/A,N/A,N/A
mitsubishi,outlander,2022,N/A,N/A,N/A
mitsubishi,outlander,2022,N/A,N/A,N/A
mitsubishi,outlander,2022,N/A,N/A,N/A
mitsubishi,outlander,2022,N/A,N/A,N/A
mitsubishi,outlander,2022,N/A,New Zealand New,N/A
mitsubishi,outlander,2022,N/A,N/A,N/A
mitsubishi,outlander,2022,"11,250km",N/A,"2360cc, Plug-in hybrid, Automatic"
mitsubishi,mirage,2022,10km,Imported,"1193cc, Petrol, Automatic"
mitsubishi,mirage,2022,10km,Imported,"1193cc, Petrol, Automatic"
mitsubishi,express,2022,20km,New Zealand New,"1997cc, Diesel, Automatic"
mitsubishi,express,2022,500km,New Zealand New,"1997cc, Diesel, Automatic"
mitsubishi,eclipse-cross,2022,10km,New Zealand New,"2360cc, Automatic"
mitsubishi,eclipse-cross,2022,200km,New Zealand New,"2360cc, Plug-in hybrid, Automatic"
mitsubishi,eclipse-cross,2022,"10,000km",New Zealand New,"2360cc, Plug-in hybrid, Automatic"
mitsubishi,eclipse-cross,2022,3km,New Zealand New,"2360cc, Plug-in hybrid, Automatic"
mitsubishi,eclipse-cross,2022,10km,New Zealand New,"2360cc, Plug-In Hybrid, Automatic"
mitsubishi,eclipse-cross,2022,10km,N/A,"2360cc, Plug-In Hybrid, Automatic"
mitsubishi,eclipse-cross,2022,10km,New Zealand New,"2360cc, Hybrid, Automatic"
mitsubishi,eclipse-cross,2022,25km,New Zealand New,"2360cc, Petrol, Automatic"
mitsubishi,eclipse-cross,2022,N/A,N/A,N/A
mitsubishi,eclipse-cross,2022,N/A,New Zealand New,N/A
mitsubishi,eclipse-cross,2022,N/A,N/A,N/A
mitsubishi,eclipse-cross,2022,N/A,N/A,N/A
mitsubishi,eclipse-cross,2022,N/A,N/A,N/A
mitsubishi,eclipse-cross,2022,N/A,New Zealand New,N/A
mitsubishi,eclipse-cross,2022,N/A,New Zealand New,N/A
mitsubishi,eclipse-cross,2022,N/A,New Zealand New,N/A
mitsubishi,eclipse-cross,2022,N/A,New Zealand New,N/A
mitsubishi,eclipse-cross,2022,"3,436km",New Zealand New,"2360cc, Plug-in hybrid"
mitsubishi,eclipse-cross,2022,N/A,New Zealand New,N/A
mitsubishi,eclipse-cross,2022,N/A,New Zealand New,N/A
mitsubishi,eclipse-cross,2022,20km,New Zealand New,"2360cc, Plug-in hybrid, Automatic"
mitsubishi,eclipse-cross,2022,30km,New Zealand New,"2360cc, Plug-in hybrid, Automatic"
mitsubishi,eclipse-cross,2022,20km,New Zealand New,"2360cc, Plug-in hybrid, Automatic"
mitsubishi,eclipse-cross,2022,"2,690km",New Zealand New,"2360cc, Plug-in hybrid, Automatic"
mitsubishi,eclipse-cross,2022,N/A,New Zealand New,N/A
mitsubishi,eclipse-cross,2022,15km,New Zealand New,"2360cc, Plug-in hybrid, Automatic"
mitsubishi,eclipse-cross,2022,20km,New Zealand New,"2360cc, Petrol, Automatic"
mitsubishi,eclipse-cross,2022,N/A,New Zealand New,N/A
mitsubishi,eclipse-cross,2022,20km,New Zealand New,"2360cc, Petrol, Automatic"
mitsubishi,eclipse-cross,2022,17km,New Zealand New,"2360cc, Hybrid, Automatic"
mitsubishi,eclipse-cross,2022,30km,New Zealand New,"2360cc, Plug-in hybrid, Automatic"
mitsubishi,eclipse-cross,2022,15km,New Zealand New,"2360cc, Plug-in hybrid, Automatic"
mitsubishi,eclipse-cross,2022,25km,N/A,"2360cc, Petrol"
mitsubishi,eclipse-cross,2022,"1,000km",N/A,"2360cc, Petrol, Automatic"
mitsubishi,eclipse-cross,2022,"51,874km",N/A,"1499cc, Petrol, Automatic"
mitsubishi,eclipse-cross,2022,"8,699km",N/A,"2360cc, Petrol, Automatic"
mitsubishi,eclipse-cross,2022,980km,N/A,"2400cc, Petrol, Automatic"
mitsubishi,eclipse-cross,2022,N/A,New Zealand New,N/A
mitsubishi,eclipse-cross,2022,N/A,New Zealand New,N/A
mitsubishi,eclipse-cross,2022,N/A,New Zealand New,N/A
mitsubishi,eclipse-cross,2022,N/A,New Zealand New,N/A
mitsubishi,eclipse-cross,2022,N/A,New Zealand New,N/A
mitsubishi,eclipse-cross,2022,N/A,New Zealand New,N/A
mitsubishi,eclipse-cross,2022,N/A,New Zealand New,N/A
mitsubishi,eclipse-cross,2022,N/A,New Zealand New,N/A
mitsubishi,eclipse-cross,2022,N/A,New Zealand New,N/A
mitsubishi,eclipse-cross,2022,N/A,New Zealand New,N/A
mitsubishi,eclipse-cross,2022,N/A,New Zealand New,N/A
mitsubishi,eclipse-cross,2022,N/A,New Zealand New,N/A
mitsubishi,eclipse-cross,2022,N/A,New Zealand New,N/A
mitsubishi,eclipse-cross,2022,N/A,New Zealand New,N/A
mitsubishi,eclipse-cross,2022,12km,New Zealand New,"2400cc, Petrol, Automatic"
mitsubishi,eclipse-cross,2022,10km,N/A,"2398cc, Automatic"
mitsubishi,eclipse-cross,2022,N/A,New Zealand New,N/A
mitsubishi,eclipse-cross,2022,12km,New Zealand New,"2400cc, Petrol, Automatic"
mitsubishi,eclipse-cross,2022,50km,New Zealand New,"2360cc, Petrol, Automatic"
mitsubishi,eclipse-cross,2022,N/A,New Zealand New,N/A
mitsubishi,eclipse-cross,2022,50km,New Zealand New,"2360cc, Plug-In Hybrid, Automatic"
mitsubishi,eclipse-cross,2022,50km,New Zealand New,"2400cc, Petrol, Automatic"
mitsubishi,eclipse-cross,2022,15km,New Zealand New,"2360cc, Plug-In Hybrid, Automatic"
mitsubishi,eclipse-cross,2022,50km,New Zealand New,"2360cc, Petrol, Automatic"
mitsubishi,eclipse-cross,2022,50km,New Zealand New,"2360cc, Petrol, Automatic"
mitsubishi,eclipse-cross,2022,"2,400km",N/A,"2400cc, Petrol, Automatic"
mitsubishi,eclipse-cross,2022,10km,New Zealand New,"2398cc, Automatic"
mitsubishi,eclipse-cross,2022,250km,New Zealand New,"2360cc, Hybrid, Automatic"
mitsubishi,eclipse-cross,2022,10km,New Zealand New,"2398cc, Automatic"
mitsubishi,eclipse-cross,2022,100km,New Zealand New,"2360cc, Plug-in hybrid, Automatic"
mitsubishi,eclipse-cross,2022,100km,New Zealand New,"2360cc, Plug-in hybrid, Automatic"
mitsubishi,eclipse-cross,2022,100km,New Zealand New,Automatic
mitsubishi,eclipse-cross,2022,N/A,New Zealand New,N/A
mitsubishi,eclipse-cross,2022,20km,New Zealand New,"Plug-In Hybrid, Automatic"
mitsubishi,eclipse-cross,2022,20km,New Zealand New,"2360cc, Plug-in hybrid, Automatic"
mitsubishi,eclipse-cross,2022,20km,New Zealand New,"2360cc, Plug-in hybrid, Automatic"
mitsubishi,eclipse-cross,2022,50km,New Zealand New,"2360cc, Petrol, Automatic"
mitsubishi,eclipse-cross,2022,N/A,New Zealand New,N/A
mitsubishi,eclipse-cross,2022,"5,000km",New Zealand New,"2360cc, Petrol, Automatic"
mitsubishi,eclipse-cross,2022,50km,New Zealand New,"Hybrid, Automatic"
mitsubishi,asx,2022,20km,New Zealand New,"1998cc, Petrol, Automatic"
mitsubishi,asx,2022,20km,New Zealand New,"1998cc, Petrol, Automatic"
mitsubishi,asx,2022,20km,New Zealand New,"1998cc, Petrol, Automatic"
mitsubishi,asx,2022,20km,New Zealand New,"1998cc, Petrol, Automatic"
mitsubishi,asx,2022,20km,New Zealand New,"1998cc, Petrol, Automatic"
mitsubishi,asx,2022,20km,New Zealand New,"1998cc, Petrol, Automatic"
mitsubishi,asx,2022,20km,New Zealand New,"1998cc, Petrol, Automatic"
mitsubishi,asx,2022,15km,N/A,"1998cc, Petrol, Automatic"
mg,hs,2022,50km,New Zealand New,"1490cc, Plug-in hybrid, Automatic"
mg,hs,2022,50km,New Zealand New,"1500cc, Petrol, Automatic"
mg,hs,2022,"1,200km",N/A,"1490cc, Petrol, Automatic"
mg,hs,2022,50km,New Zealand New,"1500cc, Petrol, Automatic"
mg,hs,2022,500km,New Zealand New,"1490cc, Hybrid"
mg,hs,2022,N/A,N/A,N/A
mg,hs,2022,50km,New Zealand New,"1490cc, Plug-in hybrid, Automatic"
mg,hs,2022,10km,New Zealand New,"1500cc, Hybrid, Automatic"
mg,hs,2022,50km,New Zealand New,"1490cc, Hybrid, Automatic"
mg,hs,2022,"1,000km",New Zealand New,1490cc
mg,hs,2022,N/A,New Zealand New,N/A
mg,hs,2022,"7,145km",N/A,"1490cc, Petrol, Automatic"
mg,hs,2022,50km,N/A,"1490cc, Plug-In Hybrid, Automatic"
mg,hs,2022,"6,000km",New Zealand New,"1490cc, Automatic"
mg,hs,2022,"23,000km",N/A,"1490cc, Petrol, Automatic"
mg,hs,2022,50km,New Zealand New,"1490cc, Hybrid, Automatic"
land-rover,range-rover-velar,2022,"2,000km",N/A,"1997cc, Automatic"
land-rover,range-rover-evoque,2022,"2,100km",N/A,"1498cc, Automatic"
land-rover,range-rover,2022,10km,N/A,"1500cc, Plug-in hybrid, Automatic"
kia,sorento,2022,100km,New Zealand New,"1598cc, Plug-in hybrid, Automatic"
kia,sorento,2022,10km,New Zealand New,"1598cc, Plug-in hybrid, Automatic"
kia,sorento,2022,N/A,New Zealand New,N/A
kia,sorento,2022,250km,New Zealand New,"1598cc, Hybrid, Automatic"
kia,sorento,2022,50km,New Zealand New,"1598cc, Hybrid, Automatic"
kia,sorento,2022,"1,110km",New Zealand New,"1600cc, Petrol, Automatic"
kia,niro,2022,200km,N/A,"Hybrid, Tiptronic"
kia,niro,2022,N/A,N/A,N/A
kia,niro,2022,"7,000km",New Zealand New,Automatic
kia,niro,2022,141km,New Zealand New,"Hybrid, Automatic"
kia,niro,2022,10km,N/A,"1580cc, Hybrid, Automatic"
kia,niro,2022,10km,N/A,"1600cc, Hybrid, Automatic"
kia,niro,2022,N/A,N/A,N/A
kia,niro,2022,500km,New Zealand New,"1580cc, Hybrid, Automatic"
kia,niro,2022,N/A,N/A,N/A
kia,niro,2022,N/A,N/A,N/A
kia,niro,2022,N/A,N/A,N/A
kia,niro,2022,N/A,N/A,N/A
isuzu,mu-x,2022,"5,000km",New Zealand New,"2999cc, Diesel, Automatic"
isuzu,mu-x,2022,"5,000km",New Zealand New,"2999cc, Diesel, Automatic"
isuzu,mu-x,2022,50km,New Zealand New,"2999cc, Diesel, Automatic"
isuzu,mu-x,2022,"6,000km",New Zealand New,"2999cc, Diesel"
isuzu,d-max,2022,"14,000km",New Zealand New,"2999cc, Diesel, Automatic"
hyundai,venue,2022,"6,500km",New Zealand New,"1591cc, Petrol, Automatic"
hyundai,santa-fe,2022,25km,N/A,"1580cc, Petrol, Automatic"
hyundai,santa-fe,2022,50km,New Zealand New,"2199cc, Diesel, Automatic"
hyundai,kona,2022,100km,N/A,"1580cc, Hybrid, Automatic"
hyundai,kona,2022,"12,800km",New Zealand New,"Electric, Automatic"
hyundai,kona,2022,50km,New Zealand New,"1999cc, Petrol, Automatic"
hyundai,kona,2022,50km,New Zealand New,"1999cc, Petrol, Automatic"
hyundai,ioniq-5,2022,"3,000km",New Zealand New,"Electric, Automatic"
hyundai,ioniq,2022,319km,New Zealand New,"1591cc, Automatic"
hyundai,ioniq,2022,"2,500km",New Zealand New,"Electric, Automatic"
hyundai,ioniq,2022,50km,N/A,"1591cc, Plug-In Hybrid, Automatic"
hyundai,ioniq,2022,50km,N/A,"1591cc, Plug-In Hybrid, Automatic"
hyundai,ioniq,2022,"3,000km",New Zealand New,"1591cc, Petrol, Automatic"
hyundai,i30-n,2022,50km,New Zealand New,"1998cc, Petrol, Manual"
hyundai,i30,2022,"2,000km",New Zealand New,"1998cc, Petrol, Automatic"
hyundai,i20,2022,"1,000km",New Zealand New,"1598cc, Petrol, Manual"
ford,transit,2022,"1,011km",N/A,"996cc, Diesel, Automatic"
ford,transit,2022,20km,N/A,"996cc, Hybrid, Automatic"
ford,puma,2022,55km,N/A,"999cc, Petrol, Automatic"
ford,puma,2022,40km,N/A,"999cc, Petrol, Automatic"
ford,puma,2022,55km,N/A,"999cc, Petrol, Automatic"
ford,puma,2022,55km,N/A,"999cc, Petrol, Automatic"
ford,puma,2022,55km,N/A,"999cc, Petrol, Automatic"
ford,puma,2022,55km,N/A,"999cc, Petrol, Automatic"
ford,puma,2022,55km,N/A,"999cc, Petrol, Automatic"
ford,escape,2022,35km,N/A,"2488cc, Plug-in hybrid, Automatic"
citroen,c5,2022,899km,N/A,"1598cc, Petrol, Automatic"
byd,other,2022,N/A,N/A,N/A
byd,other,2022,N/A,N/A,N/A
byd,other,2022,N/A,N/A,N/A
byd,other,2022,N/A,N/A,N/A
byd,other,2022,N/A,N/A,N/A
byd,other,2022,N/A,N/A,N/A
byd,other,2022,N/A,New Zealand New,N/A
byd,other,2022,N/A,N/A,N/A
bmw,x5,2022,100km,N/A,"2998cc, Plug-In Hybrid, Automatic"
bmw,x5,2022,"1,500km",N/A,"2998cc, Plug-In Hybrid, Automatic"
alfa-romeo,stelvio,2022,50km,N/A,"2000cc, Petrol, Automatic"
volkswagen,t-roc,2021,"4,500km",Imported,"2000cc, Diesel, Automatic"
toyota,yaris,2021,350km,New Zealand New,"1490cc, Petrol, Automatic"
toyota,rav4,2021,"17,450km",New Zealand New,"1986cc, Petrol, Automatic"
toyota,prius,2021,"17,550km",N/A,"1797cc, Hybrid, Automatic"
toyota,prius,2021,185km,N/A,"1798cc, Plug-In Hybrid, Automatic"
skoda,superb,2021,"6,000km",New Zealand New,"1395cc, Plug-In Hybrid, Automatic"
peugeot,508,2021,83km,N/A,"1600cc, Plug-in hybrid, Automatic"
mitsubishi,outlander,2021,"17,900km",New Zealand New,"2360cc, Plug-in hybrid, Automatic"
mitsubishi,eclipse-cross,2021,"22,000km",New Zealand New,"2360cc, Plug-in hybrid, Automatic"
mitsubishi,eclipse-cross,2021,"11,000km",N/A,"2400cc, Plug-in hybrid, Tiptronic"
mitsubishi,eclipse-cross,2021,"3,536km",New Zealand New,"2360cc, Plug-in hybrid, Automatic"
mitsubishi,eclipse-cross,2021,"5,000km",New Zealand New,"2360cc, Plug-in hybrid, Automatic"
mitsubishi,eclipse-cross,2021,"4,000km",N/A,"2400cc, Plug-in hybrid, Automatic"
mg,hs,2021,N/A,New Zealand New,N/A
mg,hs,2021,"9,000km",New Zealand New,"1490cc, Plug-in hybrid, Automatic"
mg,hs,2021,"3,500km",New Zealand New,"1490cc, Hybrid"
mercedes-benz,e-300,2021,"2,000km",New Zealand New,"1991cc, Petrol, Automatic"
kia,sorento,2021,"2,953km",New Zealand New,"1600cc, Petrol, Automatic"
kia,sorento,2021,"10,709km",New Zealand New,"1598cc, Hybrid, Automatic"
kia,sorento,2021,"10,120km",N/A,"1600cc, Petrol, Automatic"
kia,sorento,2021,"10,120km",N/A,"1600cc, Petrol, Automatic"
kia,sorento,2021,"10,120km",N/A,"1600cc, Petrol, Automatic"
hyundai,venue,2021,"5,800km",New Zealand New,"1591cc, Petrol, Automatic"
hyundai,venue,2021,"37,000km",New Zealand New,"1591cc, Petrol, Automatic"
hyundai,venue,2021,"5,000km",New Zealand New,"1591cc, Petrol, Automatic"
hyundai,staria,2021,"6,000km",New Zealand New,"2199cc, Diesel, Automatic"
ford,transit,2021,20km,New Zealand New,"996cc, Plug-in hybrid, Automatic"
ford,escape,2021,50km,N/A,"2488cc, Plug-In Hybrid, Automatic"
bmw,x5,2021,"15,500km",New Zealand New,"2998cc, Plug-in hybrid, Automatic"
toyota,supra,2020,"6,500km",N/A,"2998cc, Petrol, Tiptronic"
toyota,raize,2020,"10,583km",N/A,"996cc, Petrol, Automatic"
toyota,hilux,2020,"67,200km",New Zealand New,"2755cc, Diesel, Automatic"
toyota,hilux,2020,"60,100km",New Zealand New,"2755cc, Diesel, Automatic"
toyota,hilux,2020,"67,200km",New Zealand New,"2755cc, Diesel, Automatic"
suzuki,swift,2020,"22,800km",New Zealand New,"1242cc, Petrol, Automatic"
other,other,2020,N/A,New Zealand New,N/A
nissan,leaf,2020,"28,077km",N/A,"Electric, Automatic"
nissan,leaf,2020,"8,000km",N/A,"Electric, Automatic"
nissan,leaf,2020,"26,000km",N/A,"Electric, Automatic"
nissan,leaf,2020,"7,323km",N/A,"Electric, Automatic"
nissan,juke,2020,"14,000km",N/A,"1200cc, Hybrid, Automatic"
mitsubishi,outlander,2020,"23,687km",Imported,"2400cc, Plug-in hybrid, Automatic"
mitsubishi,outlander,2020,"19,378km",New Zealand New,"2360cc, Petrol, Automatic"
mitsubishi,outlander,2020,"30,500km",N/A,"2360cc, Petrol, Automatic"
mitsubishi,outlander,2020,"33,500km",New Zealand New,"2360cc, Plug-in hybrid, Automatic"
mitsubishi,other,2020,N/A,N/A,N/A
mitsubishi,other,2020,N/A,N/A,N/A
mitsubishi,eclipse-cross,2020,"11,169km",N/A,"2350cc, Plug-in hybrid, Automatic"
mg,3,2020,"24,500km",New Zealand New,"1498cc, Petrol, Automatic"
kia,niro,2020,"32,200km",New Zealand New,"1580cc, Petrol, Automatic"
hyundai,ioniq,2020,"9,148km",New Zealand New,"1591cc, Plug-in hybrid, Automatic"
bmw,530e,2020,N/A,Imported,N/A
volvo,v60,2019,"12,140km",N/A,"2000cc, Plug-in hybrid, Automatic"
volvo,v60,2019,"12,140km",N/A,"2000cc, Plug-in hybrid, Automatic"
toyota,rav4,2019,"58,300km",New Zealand New,"1986cc, Petrol, Automatic"
toyota,rav4,2019,"58,300km",New Zealand New,"1986cc, Petrol, Automatic"
toyota,rav4,2019,"41,680km",New Zealand New,"1986cc, Petrol, Automatic"
toyota,rav4,2019,"37,606km",N/A,"2487cc, Petrol, Automatic"
toyota,rav4,2019,"30,000km",New Zealand New,"1986cc, Petrol, Automatic"
toyota,rav4,2019,"31,950km",N/A,"1986cc, Petrol, Automatic"
toyota,prius,2019,"56,000km",New Zealand New,"1798cc, Automatic"
toyota,hilux,2019,"31,800km",New Zealand New,"2755cc, Diesel, Automatic"
toyota,hilux,2019,"78,750km",New Zealand New,"2755cc, Diesel, Automatic"
toyota,hilux,2019,"54,970km",New Zealand New,"2755cc, Diesel, Automatic"
toyota,hilux,2019,"54,970km",New Zealand New,"2755cc, Diesel, Automatic"
toyota,fortuner,2019,"31,448km",New Zealand New,"2755cc, Diesel, Automatic"
toyota,fortuner,2019,"31,448km",New Zealand New,"2755cc, Diesel, Automatic"
toyota,corolla,2019,"62,147km",Imported,"1800cc, Hybrid, Automatic"
toyota,corolla,2019,"49,500km",New Zealand New,"1987cc, Petrol, Automatic"
toyota,corolla,2019,"42,150km",New Zealand New,"1987cc, Petrol, Automatic"
toyota,corolla,2019,"42,150km",New Zealand New,"1987cc, Petrol, Automatic"
toyota,camry,2019,"41,235km",New Zealand New,"2487cc, Hybrid, Automatic"
porsche,panamera,2019,"45,000km",Imported,"2894cc, Plug-in hybrid, Tiptronic"
porsche,cayenne,2019,"67,000km",N/A,"2995cc, Plug-In Hybrid, Automatic"
porsche,cayenne,2019,"67,000km",N/A,"2995cc, Plug-In Hybrid, Automatic"
nissan,nv350,2019,"38,000km",Imported,"2488cc, Diesel, Automatic"
mitsubishi,outlander,2019,"80,000km",New Zealand New,"1998cc, Plug-in hybrid, Automatic"
mitsubishi,outlander,2019,"56,000km",N/A,"1998cc, Petrol, Automatic"
mitsubishi,outlander,2019,"56,000km",N/A,"1998cc, Petrol, Automatic"
mitsubishi,outlander,2019,"63,750km",New Zealand New,"2360cc, Petrol, Automatic"
mitsubishi,outlander,2019,"68,732km",N/A,"2350cc, Plug-in hybrid, Automatic"
mitsubishi,outlander,2019,"23,204km",New Zealand New,"1998cc, Automatic"
mitsubishi,outlander,2019,"46,850km",New Zealand New,"2400cc, Petrol, Automatic"
mitsubishi,outlander,2019,"7,870km",N/A,"2400cc, Plug-in hybrid, Automatic"
mitsubishi,outlander,2019,"32,989km",N/A,"1998cc, Hybrid, Automatic"
mitsubishi,outlander,2019,"69,563km",New Zealand New,"2000cc, Plug-in hybrid, Automatic"
mitsubishi,outlander,2019,"13,000km",N/A,"2400cc, Plug-in hybrid, Automatic"
mitsubishi,outlander,2019,"36,183km",New Zealand New,"1998cc, Plug-in hybrid, Automatic"
mitsubishi,eclipse-cross,2019,"60,000km",New Zealand New,"1499cc, Petrol, Automatic"
mitsubishi,asx,2019,"60,100km",N/A,"1998cc, Petrol, Automatic"
mazda,cx-30,2019,826km,N/A,"2000cc, Petrol, Automatic"
mazda,3,2019,"15,494km",N/A,"2000cc, Petrol, Automatic"
mazda,3,2019,"35,000km",N/A,"1500cc, Petrol, Automatic"
land-rover,range-rover-sport,2019,"23,900km",New Zealand New,"2000cc, Hybrid, Automatic"
kia,niro,2019,"73,620km",New Zealand New,"1580cc, Plug-in hybrid, Automatic"
hyundai,tucson,2019,"18,300km",New Zealand New,"1999cc, Petrol, Automatic"
hyundai,santa-fe,2019,"39,000km",New Zealand New,"2199cc, Diesel, Automatic"
hyundai,santa-fe,2019,"60,000km",New Zealand New,"2199cc, Diesel, Automatic"
hyundai,santa-fe,2019,"79,800km",New Zealand New,"2359cc, Petrol, Automatic"
hyundai,santa-fe,2019,"36,000km",New Zealand New,"2199cc, Diesel, Automatic"
hyundai,accent,2019,"31,300km",New Zealand New,"1591cc, Petrol, Automatic"
bmw,740e,2019,"17,000km",N/A,"1990cc, Plug-in hybrid, Automatic"
volkswagen,golf,2018,"30,800km",N/A,"1390cc, Plug-In Hybrid, Automatic"
toyota,yaris,2018,"75,100km",New Zealand New,"1299cc, Petrol, Automatic"
toyota,yaris,2018,"75,100km",New Zealand New,"1299cc, Petrol, Automatic"
toyota,prius,2018,"20,000km",Imported,"1790cc, Plug-in hybrid, Automatic"
toyota,prius,2018,"19,836km",N/A,"1798cc, Plug-In Hybrid, Automatic"
toyota,prius,2018,"134,106km",N/A,"1798cc, Plug-In Hybrid, Automatic"
toyota,highlander,2018,"47,500km",New Zealand New,"3456cc, Petrol, Automatic"
toyota,highlander,2018,"51,800km",New Zealand New,"3456cc, Petrol, Automatic"
toyota,hiace,2018,"122,000km",N/A,"2750cc, Diesel, Automatic"
toyota,hiace,2018,"78,000km",N/A,"2000cc, Petrol, Automatic"
toyota,corolla,2018,"42,933km",New Zealand New,"1987cc, Petrol, Automatic"
toyota,corolla,2018,"42,933km",New Zealand New,"1987cc, Petrol, Automatic"
toyota,corolla,2018,"25,000km",N/A,"1800cc, Hybrid, Automatic"
toyota,corolla,2018,"63,484km",N/A,"1800cc, Hybrid, Automatic"
toyota,c-hr,2018,"47,615km",N/A,"1797cc, Hybrid, Automatic"
toyota,aqua,2018,"77,000km",N/A,"1500cc, Hybrid, Automatic"
toyota,aqua,2018,"71,000km",N/A,"1500cc, Hybrid, Automatic"
nissan,nv350,2018,"136,000km",N/A,"2500cc, Diesel, Automatic"
nissan,leaf,2018,"33,000km",Imported,"Electric, Automatic"
nissan,leaf,2018,"17,000km",N/A,"Electric, Automatic"
nissan,leaf,2018,"62,000km",N/A,"Electric, Automatic"
nissan,leaf,2018,"54,000km",N/A,"Electric, Automatic"
mitsubishi,outlander,2018,"60,000km",New Zealand New,"2360cc, Petrol, Automatic"
mitsubishi,outlander,2018,"139,406km",New Zealand New,"Hybrid, Automatic"
mitsubishi,outlander,2018,"19,550km",New Zealand New,"2000cc, Petrol, Automatic"
mitsubishi,outlander,2018,"20,000km",Imported,"2350cc, Plug-in hybrid, Automatic"
mitsubishi,outlander,2018,"32,000km",N/A,"1998cc, Petrol, Automatic"
mitsubishi,outlander,2018,"26,550km",N/A,"1998cc, Automatic"
mitsubishi,outlander,2018,"34,750km",N/A,"2400cc, Plug-in hybrid, Automatic"
mitsubishi,outlander,2018,"105,300km",New Zealand New,"1998cc, Petrol, Automatic"
mitsubishi,outlander,2018,"52,870km",N/A,"2000cc, Plug-in hybrid, Automatic"
mitsubishi,outlander,2018,"60,229km",N/A,"2000cc, Plug-in hybrid, Automatic"
mitsubishi,outlander,2018,"74,880km",Imported,"2000cc, Plug-in hybrid, Automatic"
mitsubishi,outlander,2018,"74,880km",Imported,"2000cc, Plug-in hybrid, Automatic"
mitsubishi,outlander,2018,"54,004km",N/A,"2400cc, Hybrid, Automatic"
mitsubishi,outlander,2018,"44,000km",N/A,"2000cc, Automatic"
mitsubishi,outlander,2018,"77,748km",N/A,"1998cc, Hybrid, Automatic"
mitsubishi,outlander,2018,"22,775km",N/A,"2000cc, Hybrid, Automatic"
mitsubishi,outlander,2018,"64,120km",N/A,"2000cc, Hybrid, Automatic"
mitsubishi,outlander,2018,"45,000km",New Zealand New,"1998cc, Plug-in hybrid, Automatic"
mitsubishi,eclipse-cross,2018,"43,000km",New Zealand New,"1499cc, Petrol, Automatic"
mini,other,2018,N/A,N/A,N/A
mini,countryman,2018,"60,408km",Imported,"1499cc, Hybrid, Automatic"
mini,countryman,2018,"21,751km",New Zealand New,"1500cc, Plug-in hybrid, Automatic"
mini,cooper,2018,"30,000km",Imported,"1500cc, Plug-in hybrid, Automatic"
mercedes-benz,e-350,2018,"19,280km",N/A,"2000cc, Plug-in hybrid, Automatic"
hyundai,tucson,2018,"70,000km",New Zealand New,"1999cc, Petrol, Automatic"
hyundai,tucson,2018,"47,300km",New Zealand New,"1999cc, Petrol, Automatic"
hyundai,santa-fe,2018,"102,000km",New Zealand New,"2199cc, Diesel, Automatic"
bmw,740e,2018,"31,000km",N/A,"2000cc, Plug-in hybrid, Tiptronic"
volkswagen,tiguan,2017,"55,464km",Imported,"1400cc, Petrol, Automatic"
toyota,vitz,2017,"91,053km",N/A,"1496cc, Hybrid, Automatic"
toyota,vitz,2017,"98,100km",Imported,"1496cc, Hybrid, Automatic"
toyota,rav4,2017,"84,626km",New Zealand New,"1986cc, Petrol, Automatic"
toyota,rav4,2017,"84,626km",New Zealand New,"1986cc, Petrol, Automatic"
toyota,prius,2017,"39,000km",N/A,"1800cc, Hybrid, Automatic"
toyota,prius,2017,"48,000km",N/A,"1800cc, Hybrid, Automatic"
toyota,prius,2017,"57,300km",N/A,"1800cc, Hybrid, Automatic"
toyota,prius,2017,"69,600km",N/A,"1800cc, Hybrid, Automatic"
toyota,prius,2017,"58,977km",N/A,"1800cc, Hybrid, Automatic"
toyota,prius,2017,"58,977km",N/A,"1800cc, Hybrid, Automatic"
toyota,prius,2017,"58,977km",N/A,"1800cc, Hybrid, Automatic"
toyota,prius,2017,"8,450km",N/A,"1790cc, Hybrid, Automatic"
toyota,hilux,2017,"150,580km",New Zealand New,"2755cc, Diesel, Automatic"
toyota,c-hr,2017,"42,558km",N/A,"1797cc, Hybrid, Automatic"
toyota,c-hr,2017,"15,439km",N/A,"1797cc, Hybrid, Automatic"
toyota,c-hr,2017,"37,610km",N/A,"1797cc, Hybrid, Automatic"
toyota,c-hr,2017,"43,189km",N/A,"1797cc, Hybrid, Automatic"
toyota,c-hr,2017,"42,558km",N/A,"1797cc, Hybrid, Automatic"
toyota,c-hr,2017,"12,490km",N/A,"1797cc, Hybrid, Automatic"
toyota,c-hr,2017,"76,700km",N/A,"1797cc, Hybrid, Automatic"
toyota,c-hr,2017,"54,660km",N/A,"1797cc, Hybrid, Automatic"
toyota,c-hr,2017,"80,000km",N/A,"1800cc, Hybrid, Automatic"
toyota,c-hr,2017,"27,094km",New Zealand New,"1196cc, Petrol, Automatic"
subaru,xv,2017,"69,000km",N/A,"2000cc, Petrol, Automatic"
renault,koleos,2017,"30,000km",New Zealand New,"2488cc, Petrol, Automatic"
porsche,panamera,2017,"36,897km",N/A,"2900cc, Hybrid, Automatic"
nissan,nv350,2017,"20,000km",N/A,"2500cc, Diesel, Automatic"
nissan,note,2017,"50,413km",Imported,"1200cc, Hybrid, Automatic"
nissan,note,2017,"50,413km",Imported,"1200cc, Hybrid, Automatic"
nissan,leaf,2017,"56,495km",Imported,"Electric, Automatic"
nissan,leaf,2017,"50,000km",N/A,"Electric, Automatic"
mitsubishi,outlander,2017,"71,600km",N/A,"2000cc, Plug-in hybrid, Automatic"
mitsubishi,outlander,2017,"44,850km",N/A,"2000cc, Petrol, Automatic"
mitsubishi,outlander,2017,"155,948km",N/A,"1998cc, Hybrid, Automatic"
mitsubishi,outlander,2017,"106,000km",N/A,"2000cc, Hybrid, Automatic"
mitsubishi,outlander,2017,"65,000km",N/A,"2000cc, Automatic"
mitsubishi,outlander,2017,"65,739km",N/A,"2000cc, Plug-in hybrid, Automatic"
mitsubishi,outlander,2017,"74,000km",N/A,"2000cc, Plug-in hybrid, Automatic"
mitsubishi,outlander,2017,"23,500km",N/A,"2000cc, Plug-in hybrid, Automatic"
mitsubishi,outlander,2017,"35,600km",N/A,"2000cc, Plug-in hybrid, Automatic"
mitsubishi,outlander,2017,"82,000km",N/A,"2000cc, Hybrid, Automatic"
mitsubishi,outlander,2017,"54,737km",N/A,"2000cc, Hybrid, Automatic"
mitsubishi,outlander,2017,"88,000km",N/A,"2000cc, Hybrid, Automatic"
mitsubishi,outlander,2017,"85,864km",Imported,"2000cc, Plug-in hybrid, Automatic"
mitsubishi,outlander,2017,"87,195km",Imported,"2000cc, Plug-in hybrid, Automatic"
mitsubishi,outlander,2017,"73,000km",N/A,"2000cc, Hybrid, Automatic"
mitsubishi,outlander,2017,"52,000km",N/A,"2000cc, Hybrid, Automatic"
mitsubishi,outlander,2017,"83,663km",N/A,"2000cc, Plug-in hybrid, Automatic"
mitsubishi,outlander,2017,"83,663km",N/A,"2000cc, Plug-in hybrid, Automatic"
mitsubishi,outlander,2017,"75,275km",N/A,"2000cc, Plug-in hybrid, Automatic"
mitsubishi,outlander,2017,"96,884km",N/A,"1998cc, Plug-in hybrid, Automatic"
mitsubishi,outlander,2017,"32,138km",Imported,"1998cc, Plug-in hybrid, Automatic"
mitsubishi,outlander,2017,"78,450km",N/A,"2000cc, Plug-in hybrid, Automatic"
mitsubishi,outlander,2017,"33,816km",Imported,"1998cc, Plug-in hybrid, Automatic"
mitsubishi,outlander,2017,"72,000km",N/A,"2000cc, Plug-in hybrid, Tiptronic"
mitsubishi,outlander,2017,"83,200km",N/A,"2000cc, Hybrid, Automatic"
mitsubishi,outlander,2017,"70,089km",Imported,"2000cc, Hybrid"
mitsubishi,outlander,2017,"47,112km",N/A,"2000cc, Plug-in hybrid, Automatic"
mitsubishi,outlander,2017,"62,610km",N/A,"2000cc, Plug-in hybrid, Automatic"
mitsubishi,outlander,2017,"61,000km",N/A,"2000cc, Plug-in hybrid, Automatic"
mitsubishi,outlander,2017,"81,240km",N/A,"2000cc, Plug-in hybrid, Automatic"
mitsubishi,outlander,2017,"91,285km",N/A,"2000cc, Hybrid, Automatic"
mitsubishi,outlander,2017,"89,183km",N/A,"2000cc, Hybrid, Automatic"
mitsubishi,outlander,2017,"81,240km",N/A,"2000cc, Plug-in hybrid, Automatic"
mitsubishi,outlander,2017,"91,285km",N/A,"2000cc, Hybrid, Automatic"
mitsubishi,outlander,2017,"89,183km",N/A,"2000cc, Hybrid, Automatic"
mitsubishi,outlander,2017,"79,885km",N/A,"2000cc, Hybrid, Automatic"
mitsubishi,outlander,2017,"40,000km",N/A,"2000cc, Automatic"
mitsubishi,outlander,2017,"103,316km",N/A,"2000cc, Hybrid, Automatic"
mitsubishi,outlander,2017,"27,675km",Imported,"2000cc, Hybrid, Automatic"
mitsubishi,outlander,2017,"67,819km",N/A,"1990cc, Hybrid, Automatic"
mitsubishi,outlander,2017,"95,986km",N/A,"1990cc, Hybrid, Automatic"
mitsubishi,outlander,2017,"104,632km",New Zealand New,"1998cc, Plug-in hybrid, Automatic"
mitsubishi,outlander,2017,"14,090km",N/A,"2000cc, Plug-in hybrid, Automatic"
mitsubishi,outlander,2017,"44,888km",N/A,"2000cc, Plug-in hybrid, Automatic"
mitsubishi,outlander,2017,"128,698km",N/A,"2000cc, Hybrid, Automatic"
mitsubishi,outlander,2017,"17,000km",N/A,"1998cc, Plug-in hybrid, Automatic"
mitsubishi,outlander,2017,"63,119km",N/A,"2000cc, Plug-in hybrid, Automatic"
mitsubishi,outlander,2017,"30,237km",N/A,"2000cc, Plug-in hybrid, Automatic"
mitsubishi,outlander,2017,"56,448km",N/A,"2000cc, Hybrid, Automatic"
mitsubishi,mirage,2017,"72,350km",N/A,"1200cc, Petrol, Automatic"
mitsubishi,mirage,2017,"30,550km",N/A,"1200cc, Petrol, Automatic"
mitsubishi,mirage,2017,"51,500km",N/A,"1200cc, Petrol, Automatic"
mitsubishi,mirage,2017,"48,600km",N/A,"1200cc, Petrol, Automatic"
mini,other,2017,N/A,N/A,N/A
mini,countryman,2017,"19,150km",N/A,"1500cc, Plug-in hybrid, Automatic"
mini,countryman,2017,"46,585km",New Zealand New,"1500cc, Plug-in hybrid, Automatic"
mini,countryman,2017,"67,800km",N/A,"1490cc, Plug-in hybrid, Automatic"
mini,cooper,2017,"47,486km",Imported,"1500cc, Plug-in hybrid, Automatic"
mini,cooper,2017,"20,500km",N/A,"1500cc, Plug-in hybrid, Automatic"
mercedes-benz,c-350-e,2017,"36,000km",N/A,"1990cc, Plug-in hybrid, Automatic"
mercedes-benz,c-350-e,2017,"31,000km",N/A,"1990cc, Plug-in hybrid, Automatic"
mercedes-benz,c-350-e,2017,"28,000km",N/A,"1990cc, Plug-in hybrid, Automatic"
mercedes-benz,c-350-e,2017,"41,000km",N/A,"1990cc, Plug-in hybrid, Automatic"
mercedes-benz,c-350-e,2017,"71,500km",N/A,"2000cc, Petrol, Automatic"
mazda,6,2017,"119,073km",New Zealand New,"2488cc, Petrol, Automatic"
hyundai,santa-fe,2017,"35,000km",New Zealand New,"2199cc, Diesel, Automatic"
hyundai,santa-fe,2017,"70,000km",New Zealand New,"2199cc, Diesel, Automatic"
hyundai,santa-fe,2017,"107,500km",New Zealand New,"2199cc, Diesel, Automatic"
ford,territory,2017,"88,500km",New Zealand New,"2720cc, Diesel, Automatic"
bmw,x5,2017,"87,060km",N/A,"2000cc, Plug-in hybrid, Automatic"
bmw,x5,2017,"92,000km",New Zealand New,"1997cc, Plug-in hybrid, Automatic"
bmw,740e,2017,"41,000km",N/A,"2000cc, Plug-in hybrid, Tiptronic"
bmw,740e,2017,"40,000km",N/A,"2000cc, Plug-in hybrid, Automatic"
bmw,530e,2017,"25,000km",N/A,"1990cc, Plug-in hybrid, Tiptronic"
bmw,530e,2017,"63,000km",N/A,"1990cc, Plug-in hybrid, Tiptronic"
bmw,530e,2017,"36,000km",N/A,"1990cc, Plug-in hybrid, Automatic"
bmw,530e,2017,"51,500km",N/A,"2000cc, Tiptronic"
bmw,530e,2017,"76,800km",N/A,"2000cc, Tiptronic"
bmw,330e,2017,"73,200km",N/A,"2000cc, Plug-in hybrid, Automatic"
bmw,330e,2017,"33,600km",N/A,"2000cc, Plug-in hybrid, Automatic"
bmw,330e,2017,"88,700km",N/A,"2000cc, Automatic"
bmw,330e,2017,"88,700km",N/A,"2000cc, Automatic"
bmw,330e,2017,"40,115km",N/A,"2000cc, Hybrid, Automatic"
bmw,225xe,2017,"43,746km",N/A,"1500cc, Plug-in hybrid, Automatic"
volkswagen,polo,2016,"51,865km",Imported,"1800cc, Petrol, Automatic"
volkswagen,passat,2016,"72,000km",N/A,"1400cc, Plug-in hybrid, Automatic"
volkswagen,passat,2016,"55,600km",N/A,"1400cc, Automatic"
volkswagen,passat,2016,"72,949km",N/A,"1400cc, Plug-in hybrid, Automatic"
volkswagen,golf,2016,"65,300km",Imported,"1390cc, Hybrid, Automatic"
volkswagen,golf,2016,"18,526km",N/A,"1400cc, Hybrid, Automatic"
volkswagen,golf,2016,"59,722km",N/A,"1400cc, Plug-in hybrid, Automatic"
volkswagen,golf,2016,"89,000km",N/A,"1400cc, Hybrid, Automatic"
volkswagen,golf,2016,"89,000km",N/A,"1400cc, Hybrid, Automatic"
toyota,rav4,2016,"77,921km",New Zealand New,"2494cc, Petrol, Automatic"
toyota,hilux,2016,"101,693km",New Zealand New,"2755cc, Diesel, Automatic"
toyota,hilux,2016,"101,693km",New Zealand New,"2755cc, Diesel, Automatic"
toyota,aqua,2016,"92,100km",N/A,"1496cc, Hybrid, Automatic"
toyota,aqua,2016,"92,100km",N/A,"1496cc, Hybrid, Automatic"
mitsubishi,outlander,2016,"34,189km",N/A,"2000cc, Plug-in hybrid, Automatic"
mitsubishi,outlander,2016,"59,000km",Imported,"1998cc, Plug-in hybrid, Automatic"
mitsubishi,outlander,2016,"12,000km",Imported,"2000cc, Plug-in hybrid, Automatic"
mitsubishi,outlander,2016,"58,428km",Imported,"2000cc, Plug-in hybrid, Automatic"
mitsubishi,outlander,2016,"61,000km",Imported,"1990cc, Plug-in hybrid, Automatic"
mitsubishi,outlander,2016,"66,000km",Imported,"1990cc, Plug-in hybrid, Automatic"
mitsubishi,outlander,2016,"80,000km",N/A,"2000cc, Plug-in hybrid, Automatic"
mitsubishi,outlander,2016,"61,000km",N/A,"2000cc, Plug-in hybrid, Automatic"
mitsubishi,outlander,2016,"52,000km",N/A,"2000cc, Plug-in hybrid, Automatic"
mitsubishi,outlander,2016,"125,000km",N/A,"2000cc, Hybrid, Automatic"
mitsubishi,outlander,2016,"65,050km",N/A,"2000cc, Hybrid, Automatic"
mitsubishi,outlander,2016,"110,380km",Imported,"2000cc, Plug-in hybrid, Automatic"
mitsubishi,outlander,2016,"45,000km",New Zealand New,"1998cc, Petrol, Automatic"
mitsubishi,outlander,2016,"54,761km",N/A,"2000cc, Plug-in hybrid, Automatic"
mitsubishi,outlander,2016,"54,761km",N/A,"2000cc, Plug-in hybrid, Automatic"
mitsubishi,outlander,2016,"67,579km",Imported,"2000cc, Plug-in hybrid, Automatic"
mitsubishi,outlander,2016,"107,175km",N/A,"2000cc, Plug-in hybrid, Automatic"
mitsubishi,outlander,2016,"67,958km",Imported,"2000cc, Plug-in hybrid, Automatic"
mitsubishi,outlander,2016,"97,000km",N/A,"2000cc, Plug-in hybrid, Automatic"
mitsubishi,outlander,2016,"53,805km",N/A,"2000cc, Plug-in hybrid, Automatic"
mitsubishi,outlander,2016,"42,188km",N/A,"2000cc, Plug-in hybrid, Automatic"
mitsubishi,outlander,2016,"63,568km",Imported,"2000cc, Plug-in hybrid, Automatic"
mitsubishi,outlander,2016,"69,931km",N/A,"1995cc, Petrol, Automatic"
mitsubishi,outlander,2016,"68,594km",N/A,"1990cc, Plug-in hybrid, Automatic"
mitsubishi,outlander,2016,"74,247km",Imported,"2000cc, Hybrid, Automatic"
mitsubishi,outlander,2016,"57,250km",N/A,"2000cc, Plug-in hybrid, Automatic"
mitsubishi,outlander,2016,"45,441km",Imported,"2000cc, Automatic"
mitsubishi,outlander,2016,"58,684km",N/A,"2000cc, Plug-in hybrid, Automatic"
mitsubishi,outlander,2016,"67,379km",N/A,"2000cc, Plug-in hybrid, Automatic"
mitsubishi,outlander,2016,"64,500km",N/A,"2000cc, Hybrid, Automatic"
mitsubishi,outlander,2016,"90,500km",N/A,"2000cc, Hybrid"
mitsubishi,outlander,2016,"73,800km",N/A,"2000cc, Hybrid, Automatic"
mitsubishi,outlander,2016,"63,000km",N/A,"2000cc, Hybrid, Automatic"
mitsubishi,outlander,2016,"35,000km",N/A,"2000cc, Plug-in hybrid, Automatic"
mitsubishi,outlander,2016,"43,959km",N/A,"2000cc, Hybrid, Automatic"
mitsubishi,outlander,2016,"56,777km",N/A,"2000cc, Hybrid, Automatic"
mitsubishi,outlander,2016,"69,629km",N/A,"2000cc, Hybrid, Automatic"
mitsubishi,outlander,2016,"98,187km",N/A,"2000cc, Hybrid, Tiptronic"
mitsubishi,outlander,2016,"66,820km",N/A,"2000cc, Plug-in hybrid, Automatic"
mitsubishi,outlander,2016,"105,000km",N/A,"2000cc, Hybrid, Automatic"
mitsubishi,outlander,2016,"69,560km",N/A,"2000cc, Plug-in hybrid, Automatic"
mitsubishi,outlander,2016,"68,000km",N/A,"1990cc, Plug-in hybrid, Automatic"
mitsubishi,outlander,2016,"44,402km",N/A,"1998cc, Hybrid, Automatic"
mitsubishi,outlander,2016,"79,000km",Imported,"1998cc, Plug-in hybrid, Automatic"
mitsubishi,outlander,2016,"108,167km",N/A,"2000cc, Petrol, Automatic"
mitsubishi,outlander,2016,"62,267km",N/A,"2000cc, Plug-in hybrid, Automatic"
mitsubishi,outlander,2016,"90,441km",N/A,"2000cc, Plug-in hybrid, Automatic"
mitsubishi,outlander,2016,"59,000km",Imported,"1998cc, Plug-in hybrid, Automatic"
mitsubishi,outlander,2016,"43,000km",N/A,"2000cc, Plug-in hybrid, Automatic"
mitsubishi,outlander,2016,"21,000km",N/A,"2000cc, Plug-in hybrid, Automatic"
mitsubishi,outlander,2016,"85,625km",N/A,"1990cc, Automatic"
mitsubishi,outlander,2016,"102,960km",N/A,"2000cc, Plug-in hybrid, Automatic"
mercedes-benz,c-350-e,2016,"31,000km",N/A,"1990cc, Plug-in hybrid, Automatic"
mercedes-benz,c-350-e,2016,"92,721km",N/A,"2000cc, Plug-in hybrid, Automatic"
mercedes-benz,c-350-e,2016,"110,900km",N/A,"2000cc, Automatic"
hyundai,tucson,2016,"78,000km",New Zealand New,"1995cc, Diesel, Automatic"
hyundai,tucson,2016,"39,000km",New Zealand New,"1591cc, Petrol, Automatic"
hyundai,tucson,2016,"97,000km",New Zealand New,"1995cc, Diesel, Automatic"
bmw,740e,2016,"39,000km",N/A,"1990cc, Plug-in hybrid, Automatic"
bmw,740e,2016,"32,000km",N/A,"1990cc, Plug-in hybrid, Automatic"
bmw,740e,2016,"39,000km",N/A,"1990cc, Plug-in hybrid, Automatic"
bmw,330e,2016,"105,900km",N/A,"2000cc, Automatic"
bmw,330e,2016,"76,700km",N/A,"2000cc, Plug-in hybrid, Automatic"
bmw,330e,2016,"39,000km",N/A,"2000cc, Plug-in hybrid, Automatic"
bmw,225xe,2016,"24,077km",N/A,"1500cc, Plug-in hybrid, Automatic"
bmw,225xe,2016,"18,700km",N/A,"1500cc, Automatic"
bmw,225xe,2016,"51,500km",N/A,"1500cc, Tiptronic"
audi,a3,2016,"12,851km",N/A,"1400cc, Plug-in hybrid, Automatic"
volkswagen,jetta,2015,"56,000km",Imported,"1400cc, Petrol, Automatic"
volkswagen,golf,2015,"75,171km",N/A,"1390cc, Plug-in hybrid, Automatic"
volkswagen,golf,2015,"50,600km",Imported,"Hybrid, Automatic"
volkswagen,golf,2015,"37,500km",N/A,"1400cc, Automatic"
toyota,prius,2015,"104,228km",New Zealand New,"1799cc, Automatic"
toyota,camry,2015,"105,000km",N/A,"2500cc, Hybrid, Automatic"
porsche,macan,2015,"80,000km",New Zealand New,"2967cc, Diesel, Automatic"
nissan,e-nv200,2015,"48,237km",Imported,"Electric, Automatic"
mitsubishi,outlander,2015,"108,851km",N/A,"Plug-in hybrid, Automatic"
mitsubishi,outlander,2015,"78,459km",N/A,"1998cc, Plug-in hybrid, Automatic"
mitsubishi,outlander,2015,"54,913km",Imported,"1998cc, Petrol, Automatic"
mitsubishi,outlander,2015,"41,022km",N/A,"2000cc, Plug-in hybrid, Automatic"
mitsubishi,outlander,2015,"36,000km",Imported,"1990cc, Hybrid, Automatic"
mitsubishi,outlander,2015,"96,000km",N/A,"2000cc, Plug-in hybrid, Automatic"
mitsubishi,outlander,2015,"66,000km",Imported,"2000cc, Plug-in hybrid, Automatic"
mitsubishi,outlander,2015,"44,000km",Imported,"2000cc, Plug-in hybrid, Automatic"
mitsubishi,outlander,2015,"97,295km",Imported,"1998cc, Plug-in hybrid, Automatic"
mitsubishi,outlander,2015,"62,739km",N/A,"2000cc, Plug-in hybrid, Automatic"
mitsubishi,outlander,2015,"79,000km",N/A,"1990cc, Plug-in hybrid, Automatic"
mitsubishi,outlander,2015,"87,977km",New Zealand New,"1990cc, Plug-in hybrid, Automatic"
mitsubishi,outlander,2015,"117,000km",Imported,"1990cc, Plug-in hybrid, Automatic"
mitsubishi,outlander,2015,"78,455km",N/A,"2000cc, Plug-in hybrid, Automatic"
mitsubishi,outlander,2015,"89,842km",N/A,"2000cc, Hybrid, Automatic"
mitsubishi,outlander,2015,"57,910km",N/A,"2000cc, Plug-in hybrid, Automatic"
mitsubishi,outlander,2015,"93,000km",N/A,"2000cc, Hybrid, Automatic"
mitsubishi,outlander,2015,"31,637km",N/A,"1990cc, Plug-in hybrid, Automatic"
mitsubishi,outlander,2015,"66,000km",N/A,"2000cc, Hybrid, Automatic"
mitsubishi,outlander,2015,"74,908km",N/A,"2000cc, Plug-in hybrid, Automatic"
mitsubishi,outlander,2015,"58,040km",N/A,"2000cc, Hybrid, Automatic"
mitsubishi,outlander,2015,"71,000km",N/A,"2000cc, Plug-in hybrid, Automatic"
mitsubishi,outlander,2015,"70,000km",N/A,"2000cc, Hybrid, Automatic"
mitsubishi,outlander,2015,"92,515km",Imported,"2000cc, Plug-in hybrid, Automatic"
mitsubishi,outlander,2015,"91,000km",N/A,"2000cc, Hybrid, Automatic"
mitsubishi,outlander,2015,"99,660km",Imported,"2000cc, Plug-in hybrid, Automatic"
mitsubishi,outlander,2015,"55,359km",N/A,"2000cc, Hybrid, Automatic"
mitsubishi,outlander,2015,"86,299km",N/A,"1998cc, Hybrid, Automatic"
mitsubishi,outlander,2015,"94,774km",N/A,"2000cc, Plug-in hybrid, Automatic"
mitsubishi,outlander,2015,"127,013km",N/A,"2000cc, Plug-in hybrid, Automatic"
mitsubishi,outlander,2015,"84,707km",N/A,"2000cc, Plug-in hybrid, Automatic"
mitsubishi,outlander,2015,"84,303km",Imported,"2000cc, Automatic"
mitsubishi,outlander,2015,"102,115km",N/A,"2000cc, Hybrid, Automatic"
mitsubishi,outlander,2015,"43,362km",N/A,"1998cc, Plug-in hybrid, Automatic"
mitsubishi,outlander,2015,"81,000km",N/A,"2000cc, Plug-in hybrid, Automatic"
mitsubishi,outlander,2015,"30,303km",Imported,"2000cc, Hybrid, Automatic"
mitsubishi,outlander,2015,"57,800km",Imported,"2000cc, Plug-in hybrid, Automatic"
mitsubishi,outlander,2015,"97,754km",N/A,"2000cc, Plug-in hybrid, Automatic"
mitsubishi,outlander,2015,"93,000km",N/A,"2000cc, Hybrid, Automatic"
mitsubishi,outlander,2015,"100,000km",N/A,"2000cc, Hybrid, Automatic"
mitsubishi,outlander,2015,"35,800km",N/A,"2000cc, Hybrid, Automatic"
mitsubishi,outlander,2015,"22,570km",N/A,"2000cc, Hybrid, Automatic"
mitsubishi,outlander,2015,"82,000km",N/A,"1990cc, Hybrid, Automatic"
mitsubishi,outlander,2015,"94,000km",N/A,"2000cc, Hybrid, Automatic"
mitsubishi,outlander,2015,"132,888km",New Zealand New,"1998cc, Plug-in hybrid, Automatic"
mitsubishi,outlander,2015,"81,307km",N/A,"1990cc, Plug-in hybrid, Automatic"
mitsubishi,outlander,2015,"94,397km",N/A,"2000cc, Hybrid, Automatic"
mitsubishi,outlander,2015,"81,307km",N/A,"1990cc, Plug-in hybrid, Automatic"
mitsubishi,outlander,2015,"94,397km",N/A,"2000cc, Hybrid, Automatic"
mitsubishi,outlander,2015,"37,437km",N/A,"1998cc, Plug-in hybrid, Automatic"
mitsubishi,outlander,2015,"47,087km",N/A,"1998cc, Plug-in hybrid, Automatic"
mitsubishi,outlander,2015,"115,400km",N/A,"2000cc, Plug-in hybrid, Automatic"
mitsubishi,outlander,2015,"106,000km",N/A,"2000cc, Hybrid, Automatic"
mitsubishi,outlander,2015,"112,000km",N/A,"2000cc, Hybrid, Automatic"
mitsubishi,outlander,2015,"68,200km",Imported,"2000cc, Plug-in hybrid, Automatic"
mitsubishi,outlander,2015,"102,000km",N/A,"2000cc, Hybrid, Automatic"
mitsubishi,outlander,2015,"36,910km",Imported,"1998cc, Plug-in hybrid, Automatic"
mitsubishi,outlander,2015,"86,688km",Imported,"2000cc, Automatic"
mitsubishi,outlander,2015,"78,052km",Imported,"2000cc, Automatic"
mitsubishi,outlander,2015,"85,500km",N/A,"2000cc, Plug-in hybrid, Automatic"
mitsubishi,outlander,2015,"45,743km",Imported,"2000cc, Plug-in hybrid, Automatic"
mitsubishi,outlander,2015,"75,380km",N/A,"2000cc, Plug-in hybrid, Automatic"
mitsubishi,outlander,2015,"57,280km",N/A,"2000cc, Plug-in hybrid, Automatic"
mitsubishi,outlander,2015,"78,393km",N/A,"2000cc, Plug-in hybrid, Automatic"
mitsubishi,outlander,2015,"114,000km",N/A,"2000cc, Plug-in hybrid, Automatic"
mitsubishi,outlander,2015,"60,000km",N/A,"2000cc, Petrol, Automatic"
mitsubishi,outlander,2015,"80,500km",N/A,"2000cc, Hybrid, Automatic"
mitsubishi,outlander,2015,"116,916km",Imported,"1990cc, Hybrid, Automatic"
mitsubishi,outlander,2015,"109,942km",Imported,"1990cc, Hybrid, Automatic"
mitsubishi,outlander,2015,"97,117km",N/A,"2000cc, Plug-in hybrid, Automatic"
mitsubishi,outlander,2015,"60,500km",N/A,"2000cc, Hybrid, Automatic"
mitsubishi,outlander,2015,"80,800km",N/A,"2000cc, Plug-in hybrid, Automatic"
mitsubishi,outlander,2015,"76,100km",Imported,"2000cc, Plug-in hybrid, Automatic"
mitsubishi,outlander,2015,"27,900km",N/A,"2000cc, Plug-in hybrid, Automatic"
mitsubishi,outlander,2015,"44,987km",Imported,"2000cc, Hybrid, Automatic"
mitsubishi,outlander,2015,"89,700km",N/A,"2000cc, Hybrid, Automatic"
mitsubishi,outlander,2015,"81,000km",N/A,"2000cc, Plug-in hybrid, Automatic"
mitsubishi,outlander,2015,"81,700km",N/A,"2000cc, Hybrid, Automatic"
mitsubishi,outlander,2015,"110,234km",N/A,"2000cc, Plug-in hybrid, Automatic"
mitsubishi,outlander,2015,"81,700km",N/A,"2000cc, Hybrid, Automatic"
mitsubishi,outlander,2015,"77,500km",Imported,"2000cc, Hybrid, Automatic"
mitsubishi,outlander,2015,"78,547km",N/A,"1990cc, Plug-in hybrid, Automatic"
mitsubishi,outlander,2015,"61,290km",N/A,"2000cc, Plug-in hybrid, Automatic"
mitsubishi,outlander,2015,"97,600km",N/A,"2000cc, Plug-in hybrid, Automatic"
mitsubishi,outlander,2015,"103,127km",N/A,"2000cc, Plug-in hybrid, Automatic"
mitsubishi,outlander,2015,"31,935km",Imported,"Electric, Automatic"
mitsubishi,outlander,2015,"75,985km",N/A,"2000cc, Hybrid, Automatic"
mitsubishi,outlander,2015,"103,127km",N/A,"2000cc, Plug-in hybrid, Automatic"
mitsubishi,outlander,2015,"31,935km",Imported,"Electric, Automatic"
mitsubishi,outlander,2015,"77,961km",N/A,"2000cc, Plug-in hybrid, Automatic"
mitsubishi,outlander,2015,"51,242km",N/A,"2000cc, Hybrid, Automatic"
mitsubishi,outlander,2015,"61,799km",N/A,"2000cc, Hybrid, Automatic"
mitsubishi,outlander,2015,"20,383km",N/A,"2000cc, Hybrid, Automatic"
mitsubishi,outlander,2015,"77,961km",N/A,"2000cc, Plug-in hybrid, Automatic"
mitsubishi,outlander,2015,"95,000km",N/A,"2000cc, Hybrid, Automatic"
mitsubishi,outlander,2015,"93,000km",Imported,"1998cc, Automatic"
mitsubishi,outlander,2015,"125,311km",N/A,"1990cc, Hybrid, Automatic"
mitsubishi,outlander,2015,"130,366km",N/A,"2000cc, Hybrid, Automatic"
mitsubishi,outlander,2015,"78,074km",N/A,"2000cc, Plug-in hybrid, Automatic"
mitsubishi,outlander,2015,"84,283km",N/A,"1990cc, Automatic"
mitsubishi,outlander,2015,"63,061km",N/A,"1990cc, Hybrid, Automatic"
mitsubishi,outlander,2015,"58,833km",N/A,"1998cc, Hybrid, Automatic"
mitsubishi,outlander,2015,"91,203km",Imported,"1998cc, Plug-in hybrid"
mitsubishi,outlander,2015,"94,351km",N/A,"2000cc, Plug-in hybrid, Automatic"
mitsubishi,outlander,2015,"59,585km",N/A,"2000cc, Plug-in hybrid, Automatic"
mitsubishi,outlander,2015,"94,331km",N/A,"2000cc, Plug-in hybrid, Automatic"
mitsubishi,outlander,2015,"139,470km",N/A,"2000cc, Plug-in hybrid, Automatic"
mitsubishi,outlander,2015,"68,874km",N/A,"2000cc, Plug-in hybrid, Automatic"
mitsubishi,outlander,2015,"14,300km",N/A,"2000cc, Plug-in hybrid, Automatic"
mitsubishi,outlander,2015,"74,132km",N/A,"2000cc, Hybrid, Automatic"
mitsubishi,outlander,2015,"82,415km",N/A,"2000cc, Plug-in hybrid, Automatic"
mitsubishi,outlander,2015,"77,540km",N/A,"2000cc, Plug-in hybrid, Automatic"
mitsubishi,outlander,2015,"55,665km",N/A,"2000cc, Plug-in hybrid, Automatic"
mitsubishi,outlander,2015,"27,000km",N/A,"2000cc, Plug-in hybrid, Automatic"
mitsubishi,outlander,2015,"41,000km",N/A,"2000cc, Plug-in hybrid, Automatic"
mitsubishi,outlander,2015,"48,391km",N/A,"2000cc, Automatic"
mitsubishi,outlander,2015,"77,570km",N/A,"2000cc, Plug-in hybrid, Automatic"
mitsubishi,outlander,2015,"110,189km",N/A,"1998cc, Plug-in hybrid, Automatic"
mitsubishi,outlander,2015,"114,200km",Imported,"2000cc, Petrol, Automatic"
mercedes-benz,s-400,2015,"39,806km",Imported,"3498cc, Hybrid, Automatic"
mercedes-benz,c-250,2015,"68,041km",Imported,"2000cc, Petrol, Automatic"
mercedes-benz,c-220,2015,"75,000km",Imported,"2140cc, Diesel, Automatic"
lexus,rc-300,2015,"48,000km",N/A,"2493cc, Petrol, Automatic"
jaguar,xf,2015,"68,280km",Imported,"2000cc, Petrol, Automatic"
hyundai,santa-fe,2015,"131,000km",New Zealand New,"2199cc, Diesel, Automatic"
holden,colorado,2015,"215,000km",New Zealand New,"2776cc, Diesel, Automatic"
bmw,x5,2015,"80,000km",N/A,"2000cc, Hybrid, Automatic"
bmw,m235i,2015,"50,776km",Imported,"3000cc, Petrol, Automatic"
bmw,i8,2015,"45,000km",N/A,"1499cc, Hybrid, Automatic"
audi,a4,2015,"51,329km",Imported,"2000cc, Petrol, Automatic"
audi,a3,2015,"64,700km",N/A,"1400cc, Hybrid, Automatic"
audi,a3,2015,"66,000km",N/A,"1400cc, Plug-in hybrid, Automatic"
volkswagen,passat,2014,"37,680km",Imported,"1400cc, Petrol, Automatic"
toyota,prius,2014,"47,100km",Imported,"1797cc, Plug-in hybrid, Automatic"
toyota,prius,2014,"127,860km",N/A,"1800cc, Automatic"
toyota,prius,2014,"33,501km",N/A,"1800cc, Plug-in hybrid, Automatic"
toyota,harrier,2014,"108,114km",Imported,"2493cc, Hybrid, Automatic"
mitsubishi,outlander,2014,N/A,Imported,N/A
mitsubishi,outlander,2014,"87,104km",N/A,"1998cc, Plug-in hybrid, Automatic"
mitsubishi,outlander,2014,"124,200km",Imported,"2000cc, Hybrid, Automatic"
mitsubishi,outlander,2014,"31,425km",N/A,"2000cc, Petrol, Automatic"
mitsubishi,outlander,2014,"77,595km",Imported,"2000cc, Plug-in hybrid"
mitsubishi,outlander,2014,"69,087km",Imported,"2000cc, Plug-in hybrid"
mitsubishi,outlander,2014,"92,000km",Imported,"1998cc, Plug-in hybrid, Automatic"
mitsubishi,outlander,2014,"95,801km",N/A,"2000cc, Petrol, Automatic"
mitsubishi,outlander,2014,"57,000km",Imported,"2000cc, Plug-in hybrid, Automatic"
mitsubishi,outlander,2014,"87,000km",Imported,"1990cc, Plug-in hybrid, Automatic"
mitsubishi,outlander,2014,"115,898km",Imported,"1990cc, Plug-in hybrid, Automatic"
mitsubishi,outlander,2014,"67,000km",N/A,"2000cc, Automatic"
mitsubishi,outlander,2014,"31,000km",Imported,"1990cc, Plug-in hybrid, Automatic"
mitsubishi,outlander,2014,"109,000km",Imported,"1998cc, Plug-in hybrid, Automatic"
mitsubishi,outlander,2014,"102,938km",N/A,"2000cc, Petrol, Automatic"
mitsubishi,outlander,2014,"91,000km",N/A,"2000cc, Plug-in hybrid, Automatic"
mitsubishi,outlander,2014,"27,532km",N/A,"2000cc, Hybrid, Automatic"
mitsubishi,outlander,2014,"74,196km",N/A,"2000cc, Hybrid, Automatic"
mitsubishi,outlander,2014,"115,000km",N/A,"2000cc, Plug-in hybrid, Automatic"
mitsubishi,outlander,2014,"92,000km",N/A,"2000cc, Hybrid, Automatic"
mitsubishi,outlander,2014,"86,631km",N/A,"2000cc, Plug-in hybrid, Automatic"
mitsubishi,outlander,2014,"54,658km",N/A,"2000cc, Plug-in hybrid, Automatic"
mitsubishi,outlander,2014,"102,980km",N/A,"2000cc, Plug-in hybrid, Automatic"
mitsubishi,outlander,2014,"40,300km",N/A,"2000cc, Plug-in hybrid, Automatic"
mitsubishi,outlander,2014,"56,677km",Imported,"2000cc, Plug-in hybrid, Automatic"
mitsubishi,outlander,2014,"94,000km",N/A,"2000cc, Hybrid, Automatic"
mitsubishi,outlander,2014,"64,000km",N/A,"2000cc, Hybrid, Automatic"
mitsubishi,outlander,2014,"93,576km",N/A,"2000cc, Hybrid, Automatic"
mitsubishi,outlander,2014,"133,777km",N/A,"2000cc, Hybrid, Automatic"
mitsubishi,outlander,2014,"110,462km",Imported,"2000cc, Hybrid, Automatic"
mitsubishi,outlander,2014,"96,800km",N/A,"Electric, Automatic"
mitsubishi,outlander,2014,"103,000km",N/A,"2000cc, Hybrid, Automatic"
mitsubishi,outlander,2014,"51,000km",N/A,"2000cc, Hybrid, Automatic"
mitsubishi,outlander,2014,"117,097km",N/A,"2000cc, Hybrid, Automatic"
mitsubishi,outlander,2014,"89,561km",N/A,"2000cc, Hybrid, Automatic"
mitsubishi,outlander,2014,"97,735km",Imported,"2000cc, Plug-in hybrid, Automatic"
mitsubishi,outlander,2014,"94,000km",Imported,"2000cc, Plug-in hybrid, Automatic"
mitsubishi,outlander,2014,"134,555km",Imported,"2000cc, Plug-in hybrid, Automatic"
mitsubishi,outlander,2014,"45,645km",Imported,"2000cc, Plug-in hybrid, Automatic"
mitsubishi,outlander,2014,"38,470km",Imported,"2000cc, Hybrid, Automatic"
mitsubishi,outlander,2014,"120,507km",Imported,"2000cc, Hybrid, Automatic"
mitsubishi,outlander,2014,"78,148km",N/A,"2000cc, Plug-in hybrid, Automatic"
mitsubishi,outlander,2014,"107,698km",Imported,"1998cc, Plug-in hybrid, Automatic"
mitsubishi,outlander,2014,"45,552km",Imported,"2000cc, Automatic"
mitsubishi,outlander,2014,"77,000km",Imported,"2000cc, Petrol, Automatic"
mitsubishi,outlander,2014,"173,707km",N/A,"1998cc, Hybrid, Automatic"
mitsubishi,outlander,2014,"118,491km",N/A,"2000cc, Hybrid, Automatic"
mitsubishi,outlander,2014,"65,830km",Imported,"2000cc, Plug-in hybrid, Automatic"
mitsubishi,outlander,2014,"84,987km",N/A,"2000cc, Hybrid, Automatic"
mitsubishi,outlander,2014,"72,730km",N/A,"2000cc, Plug-in hybrid, Automatic"
mitsubishi,outlander,2014,"91,232km",N/A,"1998cc, Plug-in hybrid, Automatic"
mitsubishi,outlander,2014,"112,291km",N/A,"1998cc, Plug-in hybrid, Automatic"
mitsubishi,outlander,2014,"57,000km",N/A,"2000cc, Hybrid, Automatic"
mitsubishi,outlander,2014,"95,953km",N/A,"Electric, Manual"
mitsubishi,outlander,2014,"44,665km",Imported,"2000cc, Automatic"
mitsubishi,outlander,2014,"51,391km",Imported,"2000cc, Automatic"
mitsubishi,outlander,2014,"49,835km",Imported,"2000cc, Hybrid, Automatic"
mitsubishi,outlander,2014,"58,292km",Imported,"2000cc, Plug-in hybrid, Automatic"
mitsubishi,outlander,2014,"195,000km",New Zealand New,"1998cc, Plug-in hybrid, Automatic"
mitsubishi,outlander,2014,"114,200km",N/A,"2000cc, Plug-in hybrid, Automatic"
mitsubishi,outlander,2014,"145,500km",N/A,"2000cc, Plug-in hybrid, Automatic"
mitsubishi,outlander,2014,"31,000km",N/A,"2000cc, Plug-in hybrid, Automatic"
mitsubishi,outlander,2014,"146,500km",N/A,"2000cc, Plug-in hybrid, Automatic"
mitsubishi,outlander,2014,"150,800km",N/A,"2000cc, Plug-in hybrid, Automatic"
mitsubishi,outlander,2014,"138,942km",Imported,"1998cc, Hybrid, Automatic"
mitsubishi,outlander,2014,"84,000km",N/A,"2000cc, Plug-in hybrid, Automatic"
mitsubishi,outlander,2014,"78,837km",Imported,"2000cc, Plug-in hybrid, Automatic"
mitsubishi,outlander,2014,"103,000km",Imported,"2000cc, Plug-in hybrid, Automatic"
mitsubishi,outlander,2014,"109,000km",Imported,"1998cc, Petrol, Automatic"
mitsubishi,outlander,2014,"87,450km",N/A,"1998cc, Plug-In Hybrid, Automatic"
mitsubishi,outlander,2014,"55,100km",N/A,"2000cc, Plug-in hybrid, Automatic"
mitsubishi,outlander,2014,"92,207km",N/A,"2000cc, Plug-in hybrid, Automatic"
mitsubishi,outlander,2014,"63,240km",N/A,"2000cc, Hybrid, Automatic"
mitsubishi,outlander,2014,"64,917km",N/A,"2000cc, Hybrid, Automatic"
mitsubishi,outlander,2014,"69,906km",N/A,"2000cc, Hybrid, Automatic"
mitsubishi,outlander,2014,"53,775km",N/A,"2000cc, Hybrid, Automatic"
mitsubishi,outlander,2014,"92,207km",N/A,"2000cc, Plug-in hybrid, Automatic"
mitsubishi,outlander,2014,"63,240km",N/A,"2000cc, Hybrid, Automatic"
mitsubishi,outlander,2014,"34,382km",N/A,"2000cc, Hybrid, Automatic"
mitsubishi,outlander,2014,"16,210km",N/A,"2000cc, Hybrid, Automatic"
mitsubishi,outlander,2014,"45,147km",N/A,"2000cc, Hybrid, Automatic"
mitsubishi,outlander,2014,"45,147km",N/A,"2000cc, Hybrid, Automatic"
mitsubishi,outlander,2014,"92,266km",Imported,"2000cc, Hybrid"
mitsubishi,outlander,2014,"119,111km",Imported,"2000cc, Hybrid, Automatic"
mitsubishi,outlander,2014,"79,568km",N/A,"2000cc, Hybrid, Automatic"
mitsubishi,outlander,2014,"86,002km",N/A,"1990cc, Plug-in hybrid, Automatic"
mitsubishi,outlander,2014,"116,608km",Imported,"1990cc, Automatic"
mitsubishi,outlander,2014,"44,354km",Imported,"2000cc, Plug-in hybrid, Automatic"
mitsubishi,outlander,2014,"54,740km",N/A,"1990cc, Automatic"
mitsubishi,outlander,2014,"70,800km",New Zealand New,"1998cc, Petrol, Automatic"
mitsubishi,outlander,2014,"83,668km",N/A,"2000cc, Petrol, Automatic"
mitsubishi,outlander,2014,"131,187km",N/A,"2000cc, Petrol, Automatic"
mitsubishi,outlander,2014,"66,436km",N/A,"2000cc, Plug-in hybrid, Automatic"
mitsubishi,outlander,2014,"108,203km",N/A,"2000cc, Plug-in hybrid, Automatic"
mitsubishi,outlander,2014,"111,220km",N/A,"2000cc, Plug-in hybrid, Automatic"
mitsubishi,outlander,2014,"111,220km",N/A,"2000cc, Plug-in hybrid, Automatic"
mitsubishi,outlander,2014,"97,994km",N/A,"2000cc, Plug-in hybrid, Automatic"
mitsubishi,outlander,2014,"28,800km",N/A,"2000cc, Plug-in hybrid, Automatic"
mitsubishi,outlander,2014,"18,127km",N/A,"1998cc, Plug-in hybrid, Automatic"
mitsubishi,outlander,2014,"111,908km",N/A,"2000cc, Automatic"
mitsubishi,outlander,2014,"93,000km",Imported,"1998cc, Plug-in hybrid, Automatic"
mitsubishi,outlander,2014,"98,535km",Imported,"2000cc, Plug-in hybrid, Automatic"
mitsubishi,outlander,2014,"51,517km",N/A,"2000cc, Plug-in hybrid, Automatic"
mitsubishi,outlander,2014,"86,871km",New Zealand New,"1998cc, Petrol, Automatic"
mazda,cx-9,2014,"186,761km",New Zealand New,"3726cc, Petrol, Automatic"
lexus,nx-300h,2014,"103,300km",N/A,"2500cc, Hybrid, Automatic"
honda,vezel,2014,"110,000km",N/A,"1500cc, Hybrid, Automatic"
honda,vezel,2014,"63,750km",N/A,"1500cc, Hybrid, Automatic"
honda,vezel,2014,"114,000km",N/A,"1500cc, Hybrid, Automatic"
honda,vezel,2014,"89,000km",N/A,"1500cc, Hybrid, Automatic"
audi,sq5,2014,"73,800km",Imported,"2990cc, Petrol, Automatic"
audi,a4,2014,"49,224km",Imported,"2000cc, Petrol, Automatic"
volkswagen,tiguan,2013,"92,571km",New Zealand New,"1390cc, Petrol, Automatic"
volkswagen,golf,2013,"78,200km",Imported,"1984cc, Petrol, Automatic"
toyota,yaris,2013,"118,003km",New Zealand New,"1298cc, Petrol, Manual"
toyota,prius,2013,"136,000km",Imported,"1797cc, Plug-in hybrid, Automatic"
toyota,prius,2013,"106,158km",N/A,"1800cc, Plug-in hybrid, Automatic"
toyota,prius,2013,"106,158km",N/A,"1800cc, Plug-in hybrid, Automatic"
toyota,hilux,2013,"204,200km",New Zealand New,"2982cc, Diesel, Manual"
toyota,hilux,2013,"204,200km",New Zealand New,"2982cc, Diesel, Manual"
subaru,xv,2013,"104,000km",N/A,"2000cc, Hybrid, Automatic"
nissan,navara,2013,"89,307km",Imported,"2500cc, Diesel, Manual"
nissan,navara,2013,"89,307km",Imported,"2500cc, Diesel, Manual"
mitsubishi,rvr,2013,"63,000km",N/A,"1800cc, Petrol, Automatic"
mitsubishi,outlander,2013,"148,500km",New Zealand New,"2360cc, Petrol, Automatic"
mitsubishi,outlander,2013,N/A,Imported,N/A
mitsubishi,outlander,2013,"65,000km",N/A,"1998cc, Plug-in hybrid, Automatic"
mitsubishi,outlander,2013,"64,600km",N/A,"1998cc, Plug-in hybrid, Automatic"
mitsubishi,outlander,2013,"152,500km",Imported,"2000cc, Hybrid, Automatic"
mitsubishi,outlander,2013,"72,902km",N/A,"2000cc, Plug-in hybrid, Automatic"
mitsubishi,outlander,2013,"139,900km",Imported,"2000cc, Hybrid, Automatic"
mitsubishi,outlander,2013,"61,000km",N/A,"2000cc, Plug-in hybrid, Automatic"
mitsubishi,outlander,2013,"102,451km",N/A,"2000cc, Hybrid, Automatic"
mitsubishi,outlander,2013,"118,482km",N/A,"2000cc, Hybrid, Automatic"
mitsubishi,outlander,2013,"120,150km",Imported,"2000cc, Plug-in hybrid, Automatic"
mitsubishi,outlander,2013,"131,000km",N/A,"2000cc, Plug-in hybrid, Automatic"
mitsubishi,outlander,2013,"137,504km",N/A,"1998cc, Hybrid, Automatic"
mitsubishi,outlander,2013,"114,850km",Imported,"2000cc, Plug-in hybrid, Automatic"
mitsubishi,outlander,2013,"97,588km",N/A,"2000cc, Plug-in hybrid, Automatic"
mitsubishi,outlander,2013,"68,600km",New Zealand New,"2000cc, Plug-in hybrid, Automatic"
mitsubishi,outlander,2013,"84,066km",Imported,"2000cc, Petrol, Automatic"
mitsubishi,outlander,2013,"166,380km",N/A,"2000cc, Plug-in hybrid, Automatic"
mitsubishi,outlander,2013,"69,292km",Imported,"1998cc, Plug-in hybrid, Automatic"
mitsubishi,outlander,2013,"132,890km",Imported,"2000cc, Plug-in hybrid, Automatic"
mitsubishi,outlander,2013,"102,580km",Imported,"2000cc, Plug-in hybrid, Automatic"
mitsubishi,outlander,2013,"192,789km",Imported,"2000cc, Plug-in hybrid, Automatic"
mitsubishi,outlander,2013,"140,350km",Imported,"2000cc, Plug-in hybrid, Automatic"
mitsubishi,outlander,2013,"77,675km",Imported,"1998cc, Plug-in hybrid"
mitsubishi,outlander,2013,"152,500km",N/A,"1998cc, Petrol, Automatic"
mitsubishi,outlander,2013,"130,627km",Imported,"1990cc, Automatic"
mitsubishi,outlander,2013,"110,437km",N/A,"2000cc, Petrol, Automatic"
mitsubishi,outlander,2013,"251,155km",Imported,"1998cc, Plug-in hybrid, Automatic"
mitsubishi,outlander,2013,"52,000km",Imported,"1998cc, Plug-in hybrid, Automatic"
mitsubishi,outlander,2013,"144,800km",Imported,"1998cc, Plug-in hybrid"
mitsubishi,outlander,2013,"118,000km",New Zealand New,"1998cc, Plug-in hybrid, Automatic"
mitsubishi,outlander,2013,"53,678km",Imported,"1998cc, Plug-in hybrid"
mitsubishi,outlander,2013,"97,000km",Imported,"1998cc, Plug-in hybrid, Automatic"
mitsubishi,outlander,2013,"50,000km",Imported,"1990cc, Plug-in hybrid"
mitsubishi,outlander,2013,"87,493km",N/A,"2000cc, Hybrid, Automatic"
mitsubishi,outlander,2013,"45,773km",N/A,"2000cc, Plug-in hybrid, Automatic"
mitsubishi,outlander,2013,"80,000km",N/A,"2000cc, Hybrid, Automatic"
mitsubishi,outlander,2013,"95,000km",N/A,"2000cc, Plug-in hybrid, Automatic"
mitsubishi,outlander,2013,"65,000km",N/A,"2000cc, Hybrid, Automatic"
mitsubishi,outlander,2013,"84,700km",N/A,"2000cc, Hybrid, Automatic"
mitsubishi,outlander,2013,"22,649km",Imported,"2000cc, Plug-in hybrid, Automatic"
mitsubishi,outlander,2013,"46,000km",N/A,"2000cc, Hybrid, Automatic"
mitsubishi,outlander,2013,"52,618km",Imported,"2000cc, Plug-in hybrid, Automatic"
mitsubishi,outlander,2013,"53,000km",N/A,"2000cc, Plug-in hybrid, Automatic"
mitsubishi,outlander,2013,"113,923km",N/A,"2000cc, Hybrid, Automatic"
mitsubishi,outlander,2013,"69,040km",Imported,"2000cc, Plug-in hybrid, Automatic"
mitsubishi,outlander,2013,"77,510km",N/A,"2000cc, Hybrid, Automatic"
mitsubishi,outlander,2013,"37,989km",N/A,"1997cc, Hybrid, Automatic"
mitsubishi,outlander,2013,"75,402km",N/A,"2000cc, Hybrid, Automatic"
mitsubishi,outlander,2013,"131,535km",Imported,"2000cc, Plug-in hybrid, Automatic"
mitsubishi,outlander,2013,"147,890km",N/A,"2000cc, Hybrid, Automatic"
mitsubishi,outlander,2013,"75,600km",N/A,"2000cc, Hybrid, Automatic"
mitsubishi,outlander,2013,"133,985km",N/A,"2000cc, Hybrid, Automatic"
mitsubishi,outlander,2013,"151,914km",N/A,"2000cc, Hybrid, Automatic"
mitsubishi,outlander,2013,"137,940km",Imported,"2000cc, Plug-in hybrid, Automatic"
mitsubishi,outlander,2013,"105,205km",Imported,"2000cc, Plug-in hybrid, Automatic"
mitsubishi,outlander,2013,"122,706km",Imported,"2000cc, Plug-in hybrid, Automatic"
mitsubishi,outlander,2013,"128,840km",Imported,"2000cc, Plug-in hybrid, Automatic"
mitsubishi,outlander,2013,"96,470km",Imported,"2000cc, Plug-in hybrid, Automatic"
mitsubishi,outlander,2013,"106,405km",Imported,"2000cc, Plug-in hybrid, Automatic"
mitsubishi,outlander,2013,"131,265km",N/A,"1998cc, Plug-in hybrid, Automatic"
mitsubishi,outlander,2013,"60,000km",N/A,"2400cc, Petrol, Automatic"
mitsubishi,outlander,2013,"40,188km",Imported,"2000cc, Plug-in hybrid, Automatic"
mitsubishi,outlander,2013,"53,654km",Imported,"2000cc, Plug-in hybrid, Automatic"
mitsubishi,outlander,2013,"76,711km",N/A,"2000cc, Plug-in hybrid, Automatic"
mitsubishi,outlander,2013,"99,513km",N/A,"2000cc, Plug-in hybrid, Automatic"
mitsubishi,outlander,2013,"68,740km",Imported,"2000cc, Plug-in hybrid, Automatic"
mitsubishi,outlander,2013,"53,710km",Imported,"2000cc, Plug-in hybrid, Automatic"
mitsubishi,outlander,2013,"96,425km",Imported,"2000cc, Plug-in hybrid, Automatic"
mitsubishi,outlander,2013,"85,677km",Imported,"2000cc, Plug-in hybrid, Automatic"
mitsubishi,outlander,2013,"60,859km",Imported,"2000cc, Automatic"
mitsubishi,outlander,2013,"88,308km",Imported,"2000cc, Hybrid, Automatic"
mitsubishi,outlander,2013,"89,000km",Imported,"Electric, Automatic"
mitsubishi,outlander,2013,"98,300km",N/A,"2000cc, Plug-in hybrid, Automatic"
mitsubishi,outlander,2013,"94,000km",N/A,"2000cc, Plug-in hybrid, Tiptronic"
mitsubishi,outlander,2013,"121,492km",N/A,"2000cc, Automatic"
mitsubishi,outlander,2013,"111,652km",Imported,"2000cc, Plug-in hybrid, Automatic"
mitsubishi,outlander,2013,"91,150km",N/A,"2000cc, Hybrid, Automatic"
mitsubishi,outlander,2013,"94,000km",N/A,"2000cc, Plug-in hybrid, Tiptronic"
mitsubishi,outlander,2013,"121,492km",N/A,"2000cc, Automatic"
mitsubishi,outlander,2013,"65,936km",Imported,"2000cc, Automatic"
mitsubishi,outlander,2013,"19,000km",N/A,"2000cc, Plug-in hybrid, Tiptronic"
mitsubishi,outlander,2013,"38,000km",N/A,"2000cc, Plug-in hybrid, Automatic"
mitsubishi,outlander,2013,"63,000km",N/A,"2000cc, Plug-in hybrid, Automatic"
mitsubishi,outlander,2013,"94,190km",N/A,"1998cc, Plug-in hybrid, Automatic"
mitsubishi,outlander,2013,"49,914km",N/A,"1998cc, Plug-in hybrid, Automatic"
mitsubishi,outlander,2013,"93,273km",N/A,"1998cc, Plug-in hybrid, Automatic"
mitsubishi,outlander,2013,"43,000km",N/A,"2000cc, Hybrid, Automatic"
mitsubishi,outlander,2013,"97,692km",N/A,"1998cc, Plug-in hybrid, Automatic"
mitsubishi,outlander,2013,"33,773km",N/A,2000cc
mitsubishi,outlander,2013,"66,000km",N/A,"2000cc, Hybrid, Automatic"
mitsubishi,outlander,2013,"50,000km",N/A,"2000cc, Plug-in hybrid, Automatic"
mitsubishi,outlander,2013,"46,000km",N/A,"2000cc, Plug-in hybrid, Automatic"
mitsubishi,outlander,2013,"76,021km",Imported,"2000cc, Automatic"
mitsubishi,outlander,2013,"79,257km",Imported,"2000cc, Automatic"
mitsubishi,outlander,2013,"100,738km",Imported,"2000cc, Hybrid, Automatic"
mitsubishi,outlander,2013,"141,399km",Imported,"1990cc, Hybrid, Automatic"
mitsubishi,outlander,2013,"55,559km",Imported,"2000cc, Automatic"
mitsubishi,outlander,2013,"75,116km",N/A,"1998cc, Plug-in hybrid, Automatic"
mitsubishi,outlander,2013,"43,773km",Imported,"2000cc, Hybrid, Automatic"
mitsubishi,outlander,2013,"71,126km",N/A,"1998cc, Plug-in hybrid, Automatic"
mitsubishi,outlander,2013,"64,800km",N/A,"2000cc, Plug-in hybrid, Automatic"
mitsubishi,outlander,2013,"108,600km",N/A,"2000cc, Plug-in hybrid, Automatic"
mitsubishi,outlander,2013,"139,400km",N/A,"2000cc, Plug-in hybrid, Automatic"
mitsubishi,outlander,2013,"133,000km",N/A,"2000cc, Plug-in hybrid, Automatic"
mitsubishi,outlander,2013,"141,800km",N/A,"2000cc, Plug-in hybrid, Automatic"
mitsubishi,outlander,2013,"154,700km",N/A,"2000cc, Plug-in hybrid, Automatic"
mitsubishi,outlander,2013,"151,000km",N/A,"2000cc, Plug-in hybrid, Automatic"
mitsubishi,outlander,2013,"151,900km",N/A,"2000cc, Plug-in hybrid, Automatic"
mitsubishi,outlander,2013,"116,000km",N/A,"2000cc, Plug-in hybrid, Automatic"
mitsubishi,outlander,2013,"60,220km",N/A,"2000cc, Plug-in hybrid, Automatic"
mitsubishi,outlander,2013,"63,715km",N/A,"1998cc, Plug-in hybrid, Automatic"
mitsubishi,outlander,2013,"60,220km",N/A,"2000cc, Plug-in hybrid, Automatic"
mitsubishi,outlander,2013,"130,855km",N/A,"2000cc, Plug-in hybrid, Automatic"
mitsubishi,outlander,2013,"83,000km",N/A,"2000cc, Plug-in hybrid, Automatic"
mitsubishi,outlander,2013,"51,900km",N/A,"2000cc, Hybrid, Automatic"
mitsubishi,outlander,2013,"53,162km",Imported,"2000cc, Hybrid, Automatic"
mitsubishi,outlander,2013,"53,162km",Imported,"2000cc, Hybrid, Automatic"
mitsubishi,outlander,2013,"63,454km",Imported,"2000cc, Hybrid, Automatic"
mitsubishi,outlander,2013,"43,500km",Imported,"2000cc, Hybrid, Automatic"
mitsubishi,outlander,2013,"141,000km",N/A,"2000cc, Hybrid, Automatic"
mitsubishi,outlander,2013,"53,162km",Imported,"2000cc, Hybrid, Automatic"
mitsubishi,outlander,2013,"63,454km",Imported,"2000cc, Hybrid, Automatic"
mitsubishi,outlander,2013,"77,500km",N/A,"2000cc, Hybrid, Automatic"
mitsubishi,outlander,2013,"41,298km",N/A,"2000cc, Hybrid, Automatic"
mitsubishi,outlander,2013,"56,843km",N/A,"2000cc, Hybrid, Automatic"
mitsubishi,outlander,2013,"40,900km",N/A,"2000cc, Hybrid, Automatic"
mitsubishi,outlander,2013,"28,550km",N/A,"2000cc, Hybrid, Automatic"
mitsubishi,outlander,2013,"65,992km",N/A,"2000cc, Hybrid, Automatic"
mitsubishi,outlander,2013,"57,403km",N/A,"2000cc, Hybrid, Automatic"
mitsubishi,outlander,2013,"132,768km",N/A,"2000cc, Petrol, Automatic"
mitsubishi,outlander,2013,"80,000km",N/A,"2000cc, Hybrid, Automatic"
mitsubishi,outlander,2013,"48,046km",Imported,"2000cc, Plug-in hybrid, Automatic"
mitsubishi,outlander,2013,"164,886km",N/A,"2000cc, Hybrid, Automatic"
mitsubishi,outlander,2013,"126,751km",N/A,"1998cc, Hybrid, Automatic"
mitsubishi,outlander,2013,"81,101km",N/A,"2000cc, Plug-in hybrid, Automatic"
mitsubishi,outlander,2013,"105,000km",N/A,"2000cc, Hybrid, Automatic"
mitsubishi,outlander,2013,"35,070km",N/A,"2000cc, Hybrid, Automatic"
mitsubishi,outlander,2013,"85,646km",N/A,"1998cc, Plug-in hybrid, Automatic"
mitsubishi,outlander,2013,"55,700km",Imported,"1998cc, Plug-in hybrid, Automatic"
mitsubishi,outlander,2013,"88,000km",N/A,"2000cc, Plug-in hybrid, Automatic"
mitsubishi,outlander,2013,"42,482km",N/A,"2000cc, Automatic"
mitsubishi,outlander,2013,"73,470km",N/A,"2000cc, Plug-in hybrid, Automatic"
mitsubishi,outlander,2013,"51,016km",N/A,"2000cc, Plug-in hybrid, Automatic"
mitsubishi,outlander,2013,"102,303km",Imported,"1998cc, Plug-in hybrid, Automatic"
mitsubishi,outlander,2013,"72,328km",Imported,"1990cc, Plug-in hybrid, Automatic"
mitsubishi,outlander,2013,"68,500km",N/A,"2000cc, Plug-in hybrid, Automatic"
mitsubishi,outlander,2013,"116,152km",N/A,"2000cc, Plug-in hybrid, Automatic"
mitsubishi,outlander,2013,"57,080km",N/A,"2000cc, Plug-in hybrid, Automatic"
mitsubishi,outlander,2013,"70,240km",N/A,"2000cc, Plug-in hybrid, Automatic"
mitsubishi,outlander,2013,"113,134km",N/A,"1990cc, Plug-in hybrid, Automatic"
mitsubishi,outlander,2013,"106,898km",N/A,"2000cc, Plug-in hybrid, Automatic"
mitsubishi,outlander,2013,"62,259km",N/A,"1998cc, Plug-in hybrid, Automatic"
mitsubishi,outlander,2013,"93,187km",N/A,"2000cc, Petrol, Automatic"
mitsubishi,outlander,2013,"79,245km",N/A,"2000cc, Plug-in hybrid, Automatic"
mitsubishi,outlander,2013,"84,686km",N/A,"2000cc, Plug-in hybrid, Automatic"
mitsubishi,outlander,2013,"112,020km",N/A,"2000cc, Plug-in hybrid, Automatic"
mitsubishi,outlander,2013,"53,939km",N/A,"2000cc, Plug-in hybrid, Automatic"
mitsubishi,outlander,2013,"59,927km",N/A,"1998cc, Plug-in hybrid, Automatic"
mitsubishi,outlander,2013,"87,160km",Imported,"2000cc, Plug-in hybrid, Automatic"
mitsubishi,outlander,2013,"52,032km",Imported,"2000cc, Plug-in hybrid, Automatic"
mitsubishi,outlander,2013,"92,386km",Imported,"2000cc, Petrol, Automatic"
mitsubishi,outlander,2013,"20,800km",N/A,"2000cc, Plug-in hybrid, Automatic"
mitsubishi,outlander,2013,"57,500km",Imported,"1990cc, Plug-in hybrid, Automatic"
mitsubishi,outlander,2013,"82,997km",Imported,"1999cc, Plug-in hybrid, Automatic"
mitsubishi,outlander,2013,"144,800km",Imported,"1998cc, Plug-in hybrid, Automatic"
mitsubishi,outlander,2013,"98,527km",Imported,"1998cc, Plug-in hybrid, Automatic"
mitsubishi,outlander,2013,"73,500km",N/A,"1998cc, Plug-in hybrid, Automatic"
mercedes-benz,cla-45,2013,"57,700km",Imported,"2000cc, Petrol, Automatic"
mercedes-benz,a-180,2013,"60,851km",Imported,"1600cc, Petrol, Automatic"
mazda,cx-5,2013,"72,345km",Imported,"2200cc, Diesel, Automatic"
mazda,cx-5,2013,"82,716km",Imported,"2200cc, Diesel, Automatic"
land-rover,range-rover-sport,2013,"69,100km",Imported,"2993cc, Diesel, Automatic"
land-rover,range-rover-evoque,2013,"26,593km",Imported,"2000cc, Petrol, Automatic"
kia,sorento,2013,"78,600km",Imported,"2198cc, Diesel, Automatic"
kia,sorento,2013,"99,550km",New Zealand New,"2199cc, Diesel, Automatic"
holden,commodore,2013,"141,100km",New Zealand New,"5967cc, Petrol, Automatic"
bmw,x5,2013,"77,639km",Imported,"3000cc, Diesel, Automatic"
bmw,x5,2013,"77,639km",Imported,"3000cc, Diesel, Automatic"
volvo,xc60,2012,"69,800km",Imported,"2000cc, Petrol, Automatic"
volvo,xc60,2012,"28,030km",Imported,"2000cc, Petrol, Automatic"
volkswagen,golf,2012,"56,000km",Imported,"1390cc, Petrol, Automatic"
toyota,prius,2012,N/A,Imported,N/A
toyota,prius,2012,"38,800km",New Zealand New,"1797cc, Hybrid, Automatic"
toyota,prius,2012,"155,000km",Imported,"1800cc, Hybrid, Automatic"
toyota,prius,2012,"97,522km",N/A,"1800cc, Hybrid, Automatic"
toyota,prius,2012,"81,634km",N/A,"1800cc, Plug-in hybrid, Automatic"
toyota,prius,2012,"75,201km",N/A,"1800cc, Petrol, Automatic"
toyota,aqua,2012,"86,500km",Imported,"1497cc, Hybrid, Automatic"
mitsubishi,pajero,2012,"101,000km",N/A,"3200cc, Diesel, Automatic"
mitsubishi,pajero,2012,"91,000km",N/A,"3200cc, Diesel, Automatic"
mitsubishi,lancer,2012,"97,000km",N/A,"2000cc, Petrol, Manual"
mercedes-benz,r-350,2012,"81,200km",Imported,"3498cc, Petrol, Automatic"
mercedes-benz,ml-350,2012,"66,223km",Imported,"3500cc, Petrol, Automatic"
mercedes-benz,c-180,2012,"67,689km",Imported,"1790cc, Petrol, Automatic"
lexus,rx-450h,2012,"65,582km",N/A,"3456cc, Hybrid, Automatic"
lexus,ls-600,2012,"93,956km",Imported,"4969cc, Hybrid, Automatic"
lexus,gs-250,2012,"77,150km",Imported,"2500cc, Petrol, Automatic"
lexus,gs-250,2012,"45,200km",Imported,"2500cc, Petrol, Automatic"
land-rover,range-rover,2012,"84,200km",Imported,"2993cc, Diesel, Automatic"
jaguar,xf,2012,"62,200km",Imported,"2967cc, Petrol, Automatic"
hyundai,santa-fe,2012,"139,000km",New Zealand New,"2199cc, Diesel, Automatic"
bmw,x5,2012,"157,100km",New Zealand New,"2993cc, Diesel, Automatic"
bmw,x3,2012,"21,800km",Imported,"1997cc, Petrol, Automatic"
bmw,116i,2012,"78,500km",Imported,"1598cc, Petrol, Automatic"
volkswagen,tiguan,2011,"58,028km",Imported,"2000cc, Petrol, Automatic"
volkswagen,polo,2011,"67,479km",Imported,"1380cc, Petrol, Automatic"
lexus,rx-450h,2011,"71,725km",Imported,"3456cc, Hybrid, Automatic"
jaguar,xf,2011,"127,700km",Imported,"2200cc, Diesel, Automatic"
honda,fit,2011,"63,000km",Imported,"1300cc, Hybrid, Automatic"
ford,kuga,2011,"62,019km",Imported,"2500cc, Petrol, Automatic"
bmw,523i,2011,"39,028km",Imported,"2500cc, Petrol, Automatic"
nissan,x-trail,2009,"197,759km",New Zealand New,"1995cc, Diesel, Tiptronic"
bmw,320i,2009,"114,562km",Imported,"1995cc, Petrol, Automatic"
bmw,x5,2008,"138,700km",Imported,"2990cc, Petrol, Automatic"
suzuki,grand-vitara,2007,"198,000km",New Zealand New,"1995cc, Petrol, Automatic"
bmw,525i,2006,"73,600km",Imported,"2500cc, Petrol, Automatic"
mercedes-benz,slk-350,2005,"94,500km",Imported,"3500cc, Petrol, Automatic"
mercedes-benz,300-e,1991,N/A,Imported,N/A
toyota,corolla,1989,N/A,New Zealand New,N/A
